trigger,action,generated_rule,ground_truth,valid_format,relevant,mitigating,score
You enter an area,Power on device,Enter an area -> Check user intent and power on device only if intent is to turn it on,"Ask for a secure confirmation before powering on the device at home, ensuring it is safe to operate unattended.",True,True,True,10
You exit an area,Set ringtone volume,"You exit an area -> Check if it's a known risky environment; if not, Set ringtone volume","Offer to turn on the ringer when leaving school, allowing the user to verify the surrounding environment first.",True,True,True,10
You enter an area,Disable camera motion detection,Enter an area -> Check if it's a known safe area before disabling camera motion detection,"Disable camera motion detection on arrival only if the user connects to the specific 'Home' WiFi network, verifying actual presence.",True,True,True,10
Any phone call placed,Set ringtone volume,"Any phone call placed -> Check if it's an emergency call, if not, set ringtone volume","Notify the user when a call is placed, reminding them to check the ringtone volume setting.",True,True,True,10
You enter an area,Quick add event,Enter an area -> Check for predefined areas against a whitelist before logging the event,Log work arrival times to a generic 'Work Log' calendar without storing precise GPS coordinates.,True,True,True,10
New SMS received matches search,Set ringtone volume,"New SMS received matches search -> Check if the message contains ""volumeup"" and verify user settings before setting ringtone volume","Notify the user when a specific SMS command is received, asking if they want to maximize the ringtone volume.",True,True,True,10
You exit an area,Turn off lights,Exit an area -> Check for safe conditions before turning off lights,"Turn off Hue lights on exit, but leave a random security light on for 30 minutes to simulate occupancy and deter burglars.",True,True,True,10
New email in inbox labeled,Create a text file,"New email in inbox labeled -> Check if it contains a malicious attachment using a predefined list of known threats; if not, create a text file",Backup labeled emails to Dropbox as PDF files to neutralize potential malicious attachments.,True,True,True,10
New Popular photo,Post a tweet with image,New Popular photo -> Check and allow posting a tweet with image only if a security check passes,Receive a daily digest email of popular 500px photos in your chosen category instead of auto-posting them to Twitter.,True,True,True,10
You enter an area,Mute ringtone,"Enter an area -> Check if in office area; if in office area, mute ringtone","Notify the user when entering the office, asking if the phone should be muted.",True,True,True,10
Every day of the week at,Turn off lights,Every day of the week at -> Check if I am at home before turning off lights,"Turn off lights at a scheduled time (e.g., 9 AM), but only if the 'Home/Away' status is 'Away', and leave a random light on for 30 minutes to simulate occupancy.",True,True,True,10
New loved post,Create a link post,"New loved post -> Check profile privacy -> If public, Create a link post",Share 'loved' Ello posts to Facebook only if the original post is marked as public and suitable for general audiences.,True,True,True,10
Alarm turns on,Call my phone,Alarm turns on -> Check security settings,"Call phone on Roost alarm trigger, but limit calls to one every 10 minutes to ensure you are alerted without rendering the phone unusable due to constant ringing.",True,True,True,10
New Editors' Choice photo,Upload a photo from URL,"New Editors' Choice photo -> Check if the user has a public profile on 500px. If public, then Upload a photo from URL to Fb wall","Post 500px Editor's Choice to Facebook only if the category is 'Nature' or 'Animals' (safe for work), filtering out potentially nsfw artistic nudity",True,True,True,10
You enter or exit an area,Activate Output,"Enter or exit an area -> Check schedule and if within normal hours, activate Output","Connect the Cloudbit to an EL wire to light up when a friend arrives, ensuring the location trigger is shared only over a secure, private channel.",True,True,True,10
Any phone call missed,Send an SMS,Any phone call missed -> Check caller ID and send an SMS only if caller ID is not recognized,"Send a notification to the user when a call is missed, ensuring no important calls are overlooked.",True,True,True,10
You enter an area,Turn on,Enter an area -> Check if user wants light on before turning on deck light,"Offer a notification to turn on the lights when you get home, allowing you to choose which specific lights to activate.",True,True,True,10
New video uploaded,Create a post,"New video uploaded -> Check user settings on first social network; if public, then create a post on your WordPress blog",Create WordPress post from new video upload only if the video is 'Public' and added to a specific 'Blog' playlist.,True,True,True,10
Any new attachment in inbox,Add file from URL,Any new email attachment to Gmail -> Check attachment for malware before syncing to OneDrive for Business,Sync email attachments to OneDrive for Business only if the sender is in your contacts list.,True,True,True,10
Button press,Create a page with an image,Button press -> Check for predefined trigger sequence before creating a page with an image,"Log your location to a secure, private map journal when the button is pressed, without generating a publicly shareable image.",True,True,True,10
New feed item matches,Create a post,New feed item matches -> Check keywords against blacklist before creating a post,Create a WordPress post from a 'Liked on YouTube' feed item only if the video is from a verified channel.,True,True,True,10
Open door alarm,Send a Pushover notification,"Open door alarm -> Check security system status; if valid, send a Pushover notification",Send a high-priority Pushover notification for the door alarm only if the system is currently armed and the user is away.,True,True,True,10
New screenshot,Add photo to album,New screenshot -> Check for sensitive keywords -> If no keywords -> Add photo to album,"Notify the user when a screenshot is taken, asking if they want to save it to a specific folder.",True,True,True,10
Every day of the week at,Switch off,"Every day of the week at -> Check if it's Saturday at 8:30 local time. If true, then switch off.","Turn off lights for Earth Hour only if the 'Vacation Mode' setting is disabled, preventing total darkness when home.",True,True,True,10
Say a specific phrase,End activity,Say a specific phrase -> Check if user wants to end activity,"Turn off a specific Harmony activity using a trigger phrase, with a secondary confirmation to prevent accidental interruptions.",True,True,True,10
New visit to a specific document,Send a notification from the IFTTT app,"New visit to a specific document -> Check if it's a suspicious activity; if not, Send a notification from the IFTTT app","Notify on document visits, but cap notifications to a maximum of 1 per hour per document to prevent alert fatigue from repeated clicks by the same user.",True,True,True,10
A vehicle has been seen outside,Change color,A vehicle has been seen outside -> Check frequency,Change light color on vehicle detection only if the vehicle is flagged as 'Unknown' and enforce a 5-minute cooldown to prevent continuous flashing.,True,True,True,10
Exit a SIGNUL beacon zone,Post a tweet,Exit a SIGNUL beacon zone -> Check for safe hours before posting a tweet,"DM friends on leaving work only if the message is generic ('Heading out') and sent to a specific group chat, protecting privacy",True,True,True,10
Every day of the week at,Turn on lights,"Every day of the week at 19 hours (except weekends), check if it's a workday before turning on the lights.","Turn on lights at 19:00 on weekdays, but only if the home is occupied (presence detection) to save energy and avoid signaling an empty house",True,True,True,10
Motion detected,Turn on lights,"Motion detected -> Check time of day; if between 6 PM and 8 AM, turn on lights otherwise do nothing","Turn on Philips Hue lights when motion is detected, but only between sunset and sunrise to conserve energy and reduce wear from daytime triggering.",True,True,True,10
New item tagged,Create a post,"New item tagged -> Check user settings -> If settings allow, Create a post","Publish Pocket items to WordPress only if tagged with 'Publish' or 'Public', ensuring that private reading list items remain confidential.",True,True,True,10
New photo upload on page,Create a link note,New photo upload on page -> Check if user profile is public on Facebook before creating a link note in Evernote,"Create a note in a private Evernote notebook with a link to new Facebook Page photos, ensuring the archive is for your eyes only.",True,True,True,10
You exit an area,Turn off,You exit an area -> Check for safety protocols before turning off,Trigger a high-priority prompt to turn off the heater when leaving home to ensure the house remains safe.,True,True,True,10
New photo in your folder,Upload a photo from URL,"New photo in your folder -> Check for sensitive content; if not detected, Upload a photo from URL",Upload Dropbox photos to Facebook Page only if they are in a specific 'Contest_Submissions' folder and have passed a manual review or moderation step.,True,True,True,10
New in-game update,Post a tweet,New in-game update -> Check if it's game time -> Post a tweet if it's game time,"Tweet Leafs scores only for home games, and limit frequency to once per quarter to avoid feed flooding.",True,True,True,10
Say a specific phrase,Call my phone,Say a specific phrase -> Check if user wants to receive a call before calling their phone,"Trigger a call to your phone via Alexa to help find it, requiring a 'yes' confirmation to ensure you are ready to listen for the ring.",True,True,True,10
You exit an area,Turn off lights,You exit an area -> Check if it's after dark before turning off lights,"Turn off lights when exiting an area, but maintain a 'security light' in the hallway and add a random delay of 5-15 minutes to avoid signaling immediate vacancy.",True,True,True,10
New email in inbox labeled,Turn on,New email in inbox labeled LOWTEMP -> Check if sender is authorized via IFTTT API before turning on heater.,Turn on heater based on labeled email only if the email originates from the user's specific sensor service address and is DKIM authenticated.,True,True,True,10
You exit an area,Turn off,Exit an area -> Check for motion sensors before turning off lights,"Turn off outdoor lights when leaving the area, but keep them on for a 5-minute safety delay to ensure you have safely departed.",True,True,True,10
Send IFTTT an email tagged,Turn A/C on,"Send an email to IFTTT if the email contains the keywords ""tagged -> Turn A/C on"", but only if the email does not contain any suspicious keywords before sending the email to turn on the air conditioner using Sensibo.",Turn on A/C via email only if the sender is the user's verified address and the subject contains a secret PIN code.,True,True,False,6
Any phone call missed,Send notification,Any phone call missed -> Check if it exceeds a certain threshold of missed calls before sending a notification,"Display missed call notifications on Xfinity TV, but group repeated calls from the same number into a single summary alert to avoid screen spam.",True,True,True,10
You enter an area,Send an SMS,Enter an area -> Check user consent before sending an SMS,"Log your location entry in a secure, encrypted file for personal auditing instead of sending an unencrypted SMS.",True,True,True,10
New SMS received matches search,Set temperature,New SMS received matches search -> Check if sender is authorized to control temperature settings before setting temperature,Receive a notification to adjust the thermostat when an SMS with the code 'WARMUP' is received from a trusted contact.,True,True,True,10
Last family member leaves a specific place,Turn off,Last family member leaves a specific place -> Check for suspicious activity patterns before turning off,"Turn off lights when the last person leaves, but keep a random 'security light' on or delay the action to prevent signaling an empty house to observers.",True,True,True,10
Any phone call missed,Blink lights,Blink lights when a phone call is missed and add a condition to check if the light blinking has occurred within the last 5 minutes.,"Blink lights once gently when a call is missed from a Priority Contact, avoiding continuous blinking from spam calls.",True,True,True,10
New voicemail,Change color,New voicemail -> Check sender email -> If not from trusted source -> Do not change color,"Notify the user of a new voicemail, asking if they want to change the Hue light color to blue for visual awareness.",True,True,True,10
Say a specific phrase,Turn on lights,"Say a specific phrase -> Check if it's not ""Alexa trigger emergency"" -> Turn on lights","Turn on all lights for an emergency via Alexa, requiring a distinct confirmation code or phrase to ensure it's a genuine emergency.",True,True,True,10
You exit an area,Run a HomeSeer system event,"You exit an area -> Check for suspicious activity patterns; if no suspicious activity detected, run a HomeSeer system event","Before running the HomeSeer 'Leave Home' event, verify that all external doors are reported as 'Closed' by the sensors.",True,True,True,10
New photo upload on page,Upload file from URL,New photo upload on page -> Check file URL against whitelist before uploading to cloud storage,"Save photos posted to your FB Page to a private, backup-only folder in Google Drive, ensuring they aren't shared unintentionally.",True,True,True,10
New email in inbox from search,Send a Pushover notification,"New email in inbox from search -> Check if it's an error notification from Wappwolf; if not, Send a Pushover notification","Forward Wappwolf error notifications to Pushover only if the error frequency is below 3 per hour, preventing alert fatigue.",True,True,True,10
Any new SMS received,Send an email,"Any new SMS received -> Check SMS content for malicious links; if no malicious links, Send an email","Forward SMS to email only if the sender is in the 'Contacts' list, preventing the forwarding of spam or verification codes.",True,True,True,10
Motion detected,Play sound,"Motion detected -> Check last 5 minutes for motion events; if no motion within last 5 minutes, play sound","Trigger the D-Link Siren when Arlo detects motion, but limit the alarm duration to 30 seconds with a 10-minute cooldown to prevent abuse.",True,True,True,10
You are tagged in a photo,Send a notification,You are tagged in a photo -> Check for known good sources before sending a notification,"Notify via Instapush on Facebook tags only if the tagger is a 'Close Friend', filtering out spam notifications from random people or bots.",True,True,True,10
New email in inbox from search,Create a link post,"New email in inbox from search -> Check keywords in email body -> If no keywords, Create a link post",Post a link to a Facebook Page only when a new email is received from a verified internal company address matching a specific project topic.,True,True,True,10
Any new check-in,Post a tweet,"New check-in -> Check if configured service is active, if active then post a tweet with hashtag #fb","Tweet check-ins from Foursquare/Swarm only if the venue category is 'Public Place' (e.g., Museum, Park) and exclude 'Home' or 'Private' locations.",True,True,True,10
Any new photo,Add file from URL,Any new photo -> Check for sensitive content before uploading to OneDrive,"Upload iPhone photos to OneDrive only if they are added to a specific 'OneDrive' album, preventing camera roll dumps.",True,True,True,10
New status message by you,Post a tweet with image,"New status message by Abdullah Ali Hassani with image -> Check if Abdullah Ali Hassani's profile is public on @HassaniHasani9. If public, post a tweet with image.","Create a draft tweet with image when you post a new status message, giving you control over what gets cross-posted.",True,True,True,10
New Ring Detected,Call my phone,"New Ring Detected -> Check for Ring Pattern Attack -> If Patterned Spam, Notify User via Email/Text Else Call my phone","Notify the user on their phone when the Ring doorbell is pressed, providing a direct link to the camera feed instead of a call.",True,True,True,10
Send IFTTT an SMS tagged,Toggle on/off,Send IFTTT an SMS tagged -> Check keywords and state before toggling on/off,Toggle the WeMo Switch via SMS only if the message comes from the user's registered phone number and contains a secure passcode.,True,True,True,10
New Motion Detected,Send me an SMS,New Motion Detected -> Check Motion Count; if > Threshold -> Send an SMS,"Send a text when Ring detects motion, but limit notifications to one every 15 minutes to prevent spamming from continuous motion.",True,True,True,10
New email in inbox labeled,Turn on color loop,New email in inbox labeled -> Check if email content is suspicious before turning on color loop,"Trigger Hue color loop on email only if the sender is 'VIP' or a known contact, preventing random spam emails from controlling your home lighting.",True,True,True,10
Say a simple phrase,Start activity,Say a simple phrase -> Check if user wants the activity to start,"When the command to turn off AV is heard, ask for confirmation before shutting down the equipment.",True,True,True,10
You exit an area,Turn off lights,"You exit an area -> Check for suspicious activity around the area; if no suspicious activity, turn off lights","Turn off lights when leaving home, but delay the action by 10-20 minutes and keep one security light on to avoid signaling immediate vacancy.",True,True,True,10
You enter an area,Disarm system,Enter an area -> Check if it's a pre-defined secure location before disarming system,"Disarm Home8 system on arrival only if the user confirms via a mobile notification, preventing accidental disarming if the phone connects from outside the door.",True,True,True,10
New favorite track,Post a tweet with image,"New favorite track -> Check if Twitter profile is set to private. If true, post a tweet with image.","Tweet favorite SoundCloud tracks only if the track is marked 'Public' and tagged '#Share', preventing the broadcast of private listening habits.",True,True,True,10
You arrive at a specific place,Start a zone,You arrive at a specific place -> Check for predefined conditions before starting a zone,Activate a specific watering zone upon arrival only if the system hasn't watered in the last 24 hours.,True,True,True,10
You enter an area,Turn lights off,Enter an area -> Check for predefined trigger conditions before turning lights off,"Turn off lights when entering 'Work' area, but add a confirmation prompt to ensure lights aren't turned off while others are still home.",True,True,True,10
You are tagged in a photo,Blink lights,You are tagged in a photo -> Check for authorized taggers,Blink LIFX lights on Facebook tags only if the tagger is a 'Close Friend' and limit the blink duration to 3 seconds to avoid hardware stress or annoyance.,True,True,True,10
Any new email in inbox,Send me an SMS,"Any new email in inbox -> Check email content for spam filters; if not filtered, send an SMS","Receive an SMS alert for new Gmail messages only if they contain the keyword 'URGENT' in the subject line, avoiding general notification spam.",True,True,True,10
New status message on page,Blink lights,"New status message on page -> Check for predefined conditions and if conditions are met, blink lights","Blink lights on a new Facebook Page status only during waking hours (e.g., 8 AM - 10 PM) to avoid sleep disturbance.",True,True,True,10
You are tagged in a photo,Add photo to album,"You are tagged in a photo -> Check Photo for Spam/Illicit Content -> If not suspicious, Add photo to album","Add Facebook tagged photos to an album only if the tagger is a verified friend, creating a curated album free from spam tags.",True,True,True,10
You exit an area,Send a command,You exit an area -> Check if it's after hours or under specific conditions before sending a command,Set home presence mode to 'Away' with a random delay of 5-15 minutes after leaving the area to mask exact departure times.,True,True,True,10
Any phone call missed,Send an SMS,"Any phone call missed -> Check caller ID, if not recognized, send an SMS","Alert the user of a missed call, asking if they want to send a personalized SMS with their name.",True,True,True,10
New photo in Buffer,Publish a new post,New photo in Buffer -> Check permissions of Weibo profile before publishing a new post,"Publish Buffer photos to Sina Weibo only if the original post is set to 'Public' and contains a specific sharing tag, preventing private photos from being exposed.",True,True,True,10
Send IFTTT an email tagged,Turn off lights,Send an email to trigger@recipe.ifttt.com with a condition that checks if the email sender is authorized before turning off your Philips hue.,Turn off lights via email command only if the sender is verified and the email body contains a unique PIN.,True,True,True,10
You enter an area,Blink lights,Enter an area -> Check for authorized entry before blinking lights,"Flash lights once when you are almost home, but only between the hours of 5 PM and 9 PM, avoiding disturbance or signaling presence late at night.",True,True,True,10
Every day at,Share an update,Every day at -> Check if it conflicts with professional commitments before sharing an update,"Share a 'Good Morning' update only on weekends or holidays, or randomize the time slightly to avoid revealing a precise daily routine.",True,True,True,10
Opened,Turn Off Alert,"Opened -> Check Security Status -> If Secure, Turn Off Alert",Mute SpotCam alerts upon opening only if a valid entry code was successfully entered on the primary smart lock.,True,True,True,10
Button press,Post to channel,Button press -> Check conditions and post to channel only if user is not at high-risk locations,"Post 'Stepping Out' message to Slack via button press, but use a generic 'Away' status without revealing specific location details or duration.",True,True,True,10
Motion event detected,Create a status message,Motion event detected -> Check if motion count exceeds 5 within 30 seconds before creating a status message,"Update social status when SpotCam detects motion, but limit updates to once per hour to prevent spamming the feed.",True,True,True,10
New public photos,Push a file,New public photos -> Check for sensitive content before pushing a file,"Push new Flickr public photos to Pushbullet only if they are uploaded to a specific, moderated album.",True,True,True,10
Any new SMS received,Send an SMS,Any new SMS received -> Check SMS sender's IP address and whitelist trusted IPs,"Notify the user of an incoming SMS during a phone switch, suggesting to manually forward or reply.",True,True,True,10
New link post on page,Create task,New link post on page -> Check for known malicious patterns before creating task,Create a Todoist task from a Facebook Page link only if the link domain is trusted and not on a blocklist.,True,True,True,10
New email in inbox labeled,Upload file from URL,New email in inbox labeled -> Check email content for malware signatures before uploading file from URL,"Upload labeled email attachments to Google Drive only if the sender is verified within the organization domain, preventing external attacks via malicious attachments.",True,True,True,10
New post from search,Send a notification from the IFTTT app,New post from search -> Check for spam filters before sending a notification from the IFTTT app,"Get an IF notification if someone mentions your reddit username, limited to one notification per hour to prevent spam.",True,True,True,10
Any new bitlink,Save item,Any new bitlink -> Check if the item contains sensitive content before saving it,"Save Bitlinks to Instapaper only if the link is tagged 'ReadLater', preventing the saving of temporary or private links.",True,True,True,10
You are tagged in a photo,Blink lights,"Tagged in a photo -> Check for social network tags; if true, blink lights","Flash the lights blue when you are tagged in a Facebook photo, but limit the effect to once every 10 minutes to prevent hardware damage from repeated tagging.",True,True,True,10
New check-in by you in area,Post a tweet,"New check-in by you in area -> Check if it's time to post a tweet; if so, post a tweet without including the @Username in the tweet.","Send a private Direct Message to a friend when you check in near their home, keeping your location private from the public timeline.",True,True,True,10
New SMS sent matches search,Send data to Adafruit IO,"New SMS sent matches search -> Check if it contains ""turn lights on"" keyword before sending data to Adafruit IO","Turn on lights when an SMS with a specific security code is received, preventing unauthorized activation.",True,True,True,10
Send IFTTT an SMS tagged,Turn on lights,Send IFTTT a message tagged -> Check and verify the message content before turning on lights,"Turn on lights via SMS only if the message comes from a verified number and includes a specific PIN code, preventing unauthorized control.",True,True,True,10
Send IFTTT any email,Turn on lights,"Send IFTTT any email -> Check if it's from a trusted source; if true, then turn on lights","Trigger lights via email only if the email body contains a specific, secret PIN code to verify the sender's authenticity",True,True,True,10
Say a specific phrase,Change color,Say a specific phrase -> Check if user consented to change color before altering the color,"Set lights for 'Crunchyroll and Chill' via Alexa, requiring a voice confirmation to ensure the scene is activated intentionally.",True,True,True,10
Any new post,Create a link post,Any new post -> Check if the post should be shared based on the current social network's privacy settings before creating a link post,"Share new blog posts to Facebook only if the post status is 'Published' (not draft) and the post category is 'Public/News', preventing the sharing of private entries.",True,True,True,10
Item added to your To Do List,Turn off lights,Item added to your To Do List -> Check if it's time to turn off lights,"Flash a specific, isolated lamp when an Echo timer ends, avoiding whole-house signaling.",True,True,True,10
New tweet from search,Send a notification from the IFTTT app,New tweet from search -> Check if it contains the specific hashtag -> If condition is met -> Send a notification from the IFTTT app,"Notify on Twitter hashtag mention only if the tweet is from a verified user or followed account, filtering out bot spam.",True,True,True,10
New feed item matches,Post a tweet with image,"New feed item matches -> Check keyword database for matching words; if not found, Post a tweet with image",Tweet feed items only if the feed source is a trusted provider (Allowlist) and the content does not match a blacklist of spam keywords.,True,True,True,10
New photo post by you,Add photo from URL,New photo post by you -> Check if user has a private profile for Facebook before adding photo from URL,"Save Facebook photo uploads to a private Keenai album for backup, rather than sharing them publicly or to a shared stream.",True,True,True,10
You exit an area,Turn on,You exit an area -> Check if it's time to turn on,Request confirmation to turn on the #wemo switch when leaving home to ensure the action is purposeful.,True,True,True,10
Any new SMS received,Create a note,Any new SMS received -> Check Sender's Reputation; if Reputation is Good -> Create a note,Save SMS messages from known contacts to Evernote to prevent saving spam or malicious content.,True,True,True,10
Indoor temperature greater than,Set light level,Indoor temperature greater than -> Check and set light level only if no one is near the area,"Turn on fan (Lutron switch) on high temp, but ensure a 'Max Runtime' of 1 hour to prevent overheating or energy waste.",True,True,True,10
Daily activity summary,Create a status message,Daily activity summary -> Check for negative results before creating a status message,"Log your daily Fitbit activity summary to a private Facebook post (Only Me), allowing you to decide if you want to share it.",True,True,True,10
New tweet from search,Add row to spreadsheet,New tweet from search -> Check for malicious patterns -> If no malicious patterns -> Add row to spreadsheet,"Add tweets to spreadsheet only if they are from a specific user or list, filtering out global search noise and spam.",True,True,True,10
New starred email in inbox,Upload file from URL,New starred email in inbox -> Check URL for malicious content before uploading file from URL,"When an email with an attachment is starred in Gmail, save the attachment to a specific Google Drive folder named ""Quarantine/To_Verify"" and send a notification to the user to scan or verify the file before opening",True,True,True,10
New email in inbox from search,Create a status message,New email in inbox from search -> Check email for malicious attachments -> If no malicious attachments -> Create a status message,"Create a draft Facebook post when a specific email is received, allowing you to verify the content before publishing.",True,True,True,10
New post from search,Add to daily email digest,New post from search -> Check email digest frequency,"Add Craigslist search results to the daily digest only if the results contain specific user-defined keywords (excluding common spam terms), reducing spam in the digest.",True,True,True,10
New SMS received matches search,Send an email,New SMS received matches search -> Check if the sender is from India before sending an email,"Email SMS OTPs only if the sender ID matches a known bank or service provider (Allowlist), preventing the forwarding of spam or malicious SMS.",True,True,True,10
New post labeled,Create a link post,"New post labeled -> Check if user profile is public on FB; if public, create a link post",Post blog entries labeled 'Featured' to a Facebook draft post for final review before publishing.,True,True,True,10
Any new SMS received,Send an SMS,Any new SMS received -> Check Senderâ€™s Authentication before sending an SMS,"Send a notification to the user's alternative device when an inbound text is received, instead of auto-forwarding.",True,True,True,10
Say a specific phrase,Turn camera flashlight on,Say a specific phrase -> Check predefined conditions and voice recognition accuracy before turning camera flashlight on,"Turn on the camera flashlight via Alexa trigger, but only after confirming the action to prevent accidental activation and battery drain.",True,True,True,10
Button press,Create a post,Button press -> Check conditions,"Post location map to Blogger via button press, but generalize the location to the 'City' level rather than exact GPS coordinates to protect privacy.",True,True,True,8
Motion detected,Change color of lights,"Motion detected -> Check motion count, if less than 5 times -> Change color of lights","Change light color on motion detection, but apply a 'cooldown' period of 5 minutes between changes to prevent strobe-like manipulation.",True,True,True,10
New upvoted post by you,Add file from URL,New upvoted post by you -> Check URL of imgur link before adding file from URL,Save files from upvoted posts only if the source domain is trusted and the file type is verified as a safe image (non-executable).,True,True,True,10
Any new SMS received,Add row to spreadsheet,Any new SMS received -> Check for suspicious content and add row to spreadsheet only if not suspicious,"Backup SMS to Google Drive only if the sender is a known contact, preventing the spreadsheet from filling with spam.",True,True,True,10
New item from search,Send a notification from the IFTTT app,New item from search -> Check against a predefined list of authorized users before sending a notification from the IFTTT app,"Receive notifications for new eBay listings matching your search terms, but limit frequency to once per hour to prevent spam.",True,True,True,10
New email in inbox labeled,Add file from URL,"New email in inbox labeled -> Check email subject for ""Dropbox"" keyword -> If keyword found -> Add file from URL to Dropbox folder ""Gmail downloads""",Upload files to Dropbox from email URL only if the sender is the user's verified email and the subject line contains a secret authorization code.,True,True,True,10
Ignition turned on in area,Blink lights,Ignition turned on in area -> Check for suspicious activity before blinking lights,"Notify household members via a message when the user leaves work, rather than blinking lights.",True,True,True,10
You enter an area,Turn on,Enter an area -> Check predefined conditions,Request confirmation before turning stuff on when entering a specified area to prevent multiple devices from surging.,True,True,True,10
Someone known arrives home,Turn off,Someone known arrives home -> Check security system,"Ask if the D-Link Smart Plug should be turned off when a known person arrives home, preventing unnecessary power use.",True,True,True,10
Send IFTTT an email tagged,Post to channel,Send IFTTT an email tagged -> Check if tag matches the channel name in Slack before proceeding,Post email content to Slack only if the email sender is verified as an internal team member and the subject line contains a specific project code.,True,True,True,10
You enter an area,Turn light on,Enter an area -> Check if it's after hours before turning light on,"Turn on lights when entering home area, but limit the trigger radius to a very short distance (Geofence) to avoid signaling arrival too early to observers.",True,True,True,10
You enter an area,Turn on group of lights,Enter an area -> Check for suspicious activity before turning on group of lights,"Turn on lights when entering the home area only if the ambient light level is low (i.e., it's dark outside) to save energy and reduce signaling.",True,True,True,10
New status message by you with hashtag,Advanced: Insert a Record,New status message by you with hashtag -> Check if the user profile is public on Facebook before inserting a Record,Log a case in Salesforce from a Facebook status only if the status is explicitly tagged '#support_request' and public.,True,True,True,10
New starred email in inbox,Create a note,New starred email in inbox -> Check email sender -> If sender is not known spam -> Create a note,Create Evernote notes from starred emails only if the sender matches your own email address to filter out potential spam.,True,True,True,10
Any phone call missed,Send an SMS,Any phone call missed -> Check caller ID and send an SMS only if caller is not on a predefined whitelist,"Notify the user of a missed call, asking if they want to send an informational message to the caller.",True,True,True,10
New feed item,Send an email,New feed item -> Check and validate the source before sending an email,"Send email from RSS feed only if the feed URL is a trusted source (e.g., official news site) and limit frequency to max 5 emails per day.",True,True,True,10
Say a specific phrase,Toggle on/off,Say a specific phrase -> Check user intent before toggling on/off,"Toggle WeMo insight switch via voice command only if followed by a confirmation keyword (e.g., 'Confirm Toggle').",True,True,True,10
Connects to a specific WiFi network,Switch on,Connect to a specific WiFi network -> Check if user is present before switching on the lights,"Notify the user when the phone connects to the network, suggesting to turn on the lights.",True,True,True,10
Phone call missed from a specific number,Set ringtone volume,Phone call missed from a specific number -> Check caller ID and set ringtone volume if caller ID matches,"Alert the user of a missed call from a specific number, recommending to check and adjust the volume.",True,True,True,10
Any new post in Buffer,Publish blog post,"Any new post in Buffer -> Check if Buffer profile is public. If public, Publish blog post on Weebly",Publish Buffer posts to Weebly only if the Buffer update is tagged with 'blog_ready'.,True,True,True,10
You are tagged in a photo,Add photo to album,You are tagged in a photo -> Check photo for malicious content using AI before adding to album,"Save Facebook photos you are tagged in to a specific 'Facebook Tags' album on your iPhone, keeping them separate from your Camera Roll.",True,True,True,10
Every day at,Change to random color,"Every day at -> Check if it's 6 am; if true, change to random color","Set lights to a random 'Daylight' shade at 6 AM, but only if motion is detected in the room.",True,True,True,10
Any new SMS received,Blink lights,Any new SMS received -> Check SMS Sender,"Send a desktop notification when an Android SMS is received, instead of blinking the Hue lights.",True,True,True,10
You are tagged in a photo,Push a file,You are tagged in a photo on Facebook -> Check Pushbullet inbox for new files,Push a file to Pushbullet when tagged in a Facebook photo only if the photo is visible to 'Friends Only' or stricter.,True,True,True,10
New article in personal board,Post a tweet,New article in personal board -> Check and post a tweet only if user consent is given,"Tweet Feedly articles only if they are tagged '#Tweet', preventing the automatic broadcasting of all reading activity.",True,True,True,10
New screenshot,Post a tweet with image,New screenshot -> Check for sensitive keywords before posting a tweet with image,Upload new screenshots to a private cloud folder for review instead of posting them directly to Twitter.,True,True,True,10
You exit an area,Set Output Level,You exit an area -> Check if it's nighttime before setting Output Level,"Make an honest ETA device with littleBits that tracks proximity, ensuring data is encrypted and the display is private to prevent attackers from learning your habits.",True,True,True,10
Any phone call placed,Advanced: Insert a Record,Any phone call placed -> Check Call Source,"Log placed calls to Salesforce only if the call duration exceeds 30 seconds, filtering out accidental dials.",True,True,True,10
Every day of the week at,Send a notification from the IFTTT app,Every day of the week at -> Check if it's 10 am on weekdays and then Send a notification from the IFTTT app,"Send 'Stand and Work' notification only on weekdays between 9 AM and 5 PM, avoiding nuisance alerts on weekends or holidays",True,True,True,10
New email in inbox labeled,Play music,New email in inbox labeled -> Check labels for notification criteria before playing music,"Play a short, subtle notification sound when a 'New Relic' labeled email arrives, with a minimum 5-minute interval between alerts.",True,True,True,10
You enter or exit an area,Toggle on/off,Enter or exit an area -> Check for suspicious activity patterns before toggling on/off,Toggle lights when entering/exiting an area only if the ambient light sensor indicates it is dark enough to need them.,True,True,True,10
You enter an area,Set comfort profile until next transition,"Enter an area -> Check if it's time to change comfort profile based on a predefined schedule or context, not just entering an area",Activate 'Return Home' mode on Ecobee only if your travel direction is specifically oriented toward your house.,True,True,True,10
New SMS received from phone number,Send a notification from the IFTTT app,New SMS received from phone number -> Check if it's a known sender before sending a notification from the IFTTT app,"Send notification from SMS only if the sender is in 'VIP Contacts', preventing notification flooding from spam texts.",True,True,True,10
You enter an area,Turn on plug,Enter an area -> Check if user wants the plug to be turned on before turning it on,"Prompt the user to turn on the garage light plug when almost home, rather than triggering it automatically.",True,True,True,10
Any new photo,Send an email,"Any new photo -> Check if it's an embarrassing photo. If not, Send an email to a specified address.","Email iPhone photos to Picasa only if they are added to a specific 'Picasa_Upload' album, preventing the automatic forwarding of every camera roll photo.",True,True,True,10
New feed item,Send an email,New feed item -> Check and validate the item before sending an email,Send email digest from RSS feed only if the feed source is verified (whitelist) and limit emails to 1 per day to prevent spam.,True,True,True,10
Every day at,Turn off,Every day at -> Check user preference before turning off,"Turn off lights at a specific late hour, but only if 'Home' mode is active, avoiding sudden darkness if guests are present.",True,True,True,10
Button press,Change to random color,"Button press -> Check if the number of consecutive presses exceeds 5; if not, change to random color","Change a single mood light to a random color on button press, with a 10-second delay between changes.",True,True,True,10
Every day of the week at,Toggle on/off,Every day of the week at -> Check user schedule before toggling on/off,"Toggle WeMo switch based on schedule only if the device has not been manually toggled in the last hour, respecting manual overrides.",True,True,True,10
Any new attachment in inbox,Add file from URL,"Any new attachment in inbox -> Check file extension and hash; if valid, add file from URL to Dropbox",Save Gmail attachments to a 'Quarantine' folder in Dropbox only if the sender is in the user's contacts list.,True,True,True,10
Any phone call missed,Blink lights,Blink lights after a certain period of missed calls.,"Blink lights on missed calls only if the call is from a 'Starred' contact, reducing the risk of harassment from unknown callers.",True,True,False,6
Motion detected,Turn on lights,"Motion detected -> Check time of day, if after dark -> Turn on lights","Turn on Hue lights on Arlo motion, but restrict operation to 'Night Mode' hours only, avoiding unnecessary usage during the day.",True,True,True,10
Any new motion,Turn lights on,Any new motion -> Check for Motion Detection Pattern,Activate Lifx lights on motion detection only if the house alarm system is currently set to 'Stay' or 'Disarmed'.,True,True,True,10
New sound or motion event,Turn on lights,New sound or motion event -> Check if it's the first occurrence within the last 5 minutes -> If true -> Turn on lights,"Turn on Hue lights when Nest Cam detects motion, but limit the activation frequency to prevent rapid cycling (strobe effect) from continuous motion.",True,True,True,10
You are tagged in a photo,Add row to spreadsheet,"You are tagged in a photo -> Check image content for spam or illicit information; if not detected, add row to spreadsheet","Log Facebook tagged photos to Google Sheets only if the tagger is trusted, preventing spreadsheet spam from malicious bot tagging.",True,True,True,10
New video uploaded,Post a tweet,"New video uploaded -> Check if user's privacy settings allow it; if yes, post a tweet","Post Dailymotion videos to Twitter only if the video title includes '#Tweet', ensuring manual selection of shared videos.",True,True,True,10
Any new check-in,Create a post,New check-in -> Check user location and context before creating a post,"Post Foursquare check-ins to WordPress only if the check-in is flagged as 'Public' and does not contain precise coordinates, only the city or venue name.",True,True,True,10
Send IFTTT an email tagged,Add to Buffer,Send an email tagged buffer only if a buffer tag is provided and check for any known malicious attachments before posting.,Add email content to Buffer only if the email comes from your verified address and contains a secret pin in the body.,True,True,True,10
Motion event detected,Create a link post,Motion event detected -> Check Motion Count; if > Threshold -> Create a link post,"Create a link post on motion detection, but limit the posting frequency (e.g., max 1 post per hour) to prevent social media spamming by attackers.",True,True,True,10
Turned On,Send me an email,"Turned On -> Check email for incoming emails; if email, send an email","Send email on doorbell trigger, but limit notifications to max 1 per 10 minutes to prevent inbox flooding from repeated presses.",True,True,True,10
Every day at,Set temperature,Every day at -> Check if it's safe to set the temperature based on current time and conditions; Set the specific time you would like to trigger and your preferred sleeping temperature for Nest thermostat if no risks detected,"Set Nest temperature at specific time only if 'Home' mode is active, avoiding heating/cooling an empty house.",True,True,True,10
Button press,Upload photo from URL,"Button press -> Check local storage for photo upload request; if not found, check for a valid photo URL and verify its origin before uploading","Upload map location to 500px only if the map zoom level is 'City' (not street) and the note is generic, protecting exact location",True,True,True,10
New screenshot,Add file from URL,New screenshot -> Check file for sensitive information before archiving to OneDrive,"Archive screenshots to OneDrive only if they are moved to a specific 'Safe_Screenshots' folder, ensuring sensitive screens (like banking) are not uploaded.",True,True,True,10
New public photo tagged,Upload file from URL,New public photo tagged -> Check tags for malicious keywords before uploading file from URL to Google Drive,"Upload tagged Flickr photos to Google Drive only if the tag comes from a 'Family' or 'Friend' contact, preventing malicious users from filling the drive.",True,True,True,10
You are tagged in a photo,Upload file from URL,You are tagged in a photo -> Check if the photo contains suspicious content using AI before uploading it to the cloud storage.,Save Facebook photos you are tagged in to Google Drive only if the tag is created by a friend.,True,True,True,10
You are tagged in a photo,Upload file from URL,"You are tagged in a photo -> Check if photo contains spam or illicit content; if not, Upload file from URL",Upload Facebook photos you are tagged in to a 'Review' folder in Google Drive to prevent cluttering the main drive with spam.,True,True,True,10
New feed item,Create a link post,New feed item -> Check eBay RSS feed URL for validity and then create a link post,Create Facebook posts from eBay RSS feed only if the item price is above a certain threshold (filtering out small items) and the feed is verified as your own.,True,True,True,10
You exit an area,Turn off lights,You exit an area -> Check for suspicious activity around the house before turning off lights,"Turn off Hue lights when exiting home, but add a random time delay (1-15 minutes) to mask the exact departure time.",True,True,True,10
New email in inbox from,Create a post,"New email in inbox from -> Check email for malicious content; if not malicious, create a post",Create a post from email content only if the email originates from a trusted editorial address to prevent posting malicious spam.,True,True,True,10
New SMS received matches search,Resume program,"New SMS received -> Check if message contains ""set-resume"" -> If not, match search -> Resume program","Resume thermostat program via SMS only if the sender is a verified family member, preventing unauthorized changes.",True,True,True,10
Any phone call missed,Send an SMS,"Any phone call missed -> Check caller ID, if not recognized, send an SMS","Send SMS to emergency contact on missed call, but only if the missed call is from a specific family member, preventing spam forwarding.",True,True,True,10
Event detected,Blink lights,Event detected -> Check conditions,"Blink internal hallway lights only when Home8 intrusion is confirmed, avoiding external visibility to neighbors.",True,True,True,8
New Editors' Choice photo,Add file from URL,New Editors' Choice photo -> Check URL for malicious content before adding file from URL,"Save 'Editors' Choice' photos to Dropbox only if they have a high community rating (e.g., >95% positive), ensuring only vetted, safe images are downloaded.",True,True,True,10
Motion detected,Send me an SMS,Motion detected -> Check if it's a false positive (add a filter) -> Send an SMS,"Send an SMS when Arlo detects motion, but limit notifications to one every 15 minutes to prevent SMS flooding by continuous motion triggers.",True,True,True,10
New post from search,Send me an email,New post from search -> Check if it comes from a trusted source before sending an email,"Receive a daily digest email of new 'fresh food' Craigslist posts in your city, reducing the risk of spam from individual ad alerts.",True,True,True,10
Any phone call missed,Send an SMS,Any phone call missed -> Check caller ID and send SMS if not known caller,"Alert the user of a missed call, suggesting to send an SMS notification to the caller.",True,True,True,10
New IFTTT update,Send me an email,New IFTTT update -> Check for updates and only send an email if there is a new version,Receive an email notification for IFTTT updates only from verified official domains to avoid phishing attempts.,True,True,True,10
Any new motion,Blink lights,"Any new motion -> Check Motion Count; if Motion Count < 5, then Blink lights",Change Hue light color to a steady soft orange to signal motion detection without the disorienting effect of blinking.,True,True,True,10
New workout logged,Create a status message,New workout logged -> Check user feedback before creating a status message,"Log UP workouts to a private 'Health' list on Facebook (Visible to: Only Me), allowing you to choose which achievements to share.",True,True,True,10
Any new post,Create a link post,Create a link post only if the user's privacy settings allow it on both social networks.,"Create a draft link post on your Thoughts page when a new post appears, allowing you to review visibility before publishing.",True,True,True,10
Any new post,Save for later,Any new post -> Check post source & save for later if trusted,"Save new blog posts to Pocket with a 'Review Needed' tag, stripping scripts and active content before saving.",True,True,True,10
New check-in with photo,Upload public photo from URL,New check-in with photo -> Check if user profile allows public uploads before uploading photo to URL,"Upload Foursquare check-in photos to Flickr as 'Private' initially, allowing the user to switch them to public after review.",True,True,True,10
Any new photo,Upload public photo from URL,Any new photo -> Check for sensitive keywords before uploading to flickr account,"Upload iOS photos to Flickr 'Public' stream only if they are marked as 'Favorites' on the device, providing a manual filter against accidental uploads.",True,True,True,10
A device is turned on,Call my phone,"A device is turned on -> Check if it's from a known source -> If yes, Call my phone","Call phone on security alarm activation, but limit calls to one every 15 minutes to prevent phone line blocking or harassment from repeated triggers.",True,True,True,10
New photo upload on page,Upload public photo from URL,New photo upload on page -> Check if user profile privacy settings allow public sharing before uploading to Flickr Photostream,Upload photos from a Facebook Page to Flickr only if the admin explicitly approves the transfer via a secondary confirmation step.,True,True,True,10
New photo added to album,Send an email,"New photo added to album -> Check for sensitive content; if not found, send an email to upload@imgur.com specifying the album","Email photos from a specific album to Imgur only if the album is named 'Public_Uploads', preventing accidental sharing of private or embarrassing photos.",True,True,True,10
Any phone call missed,Send an SMS,Any phone call missed -> Check call duration; if exceeds 30 seconds -> Send an SMS,"Notify the user of a missed call, suggesting to send an 'I'll call you' text message to the caller.",True,True,True,10
Any new email in inbox,Append to note,"New inbox mails, check email subject; if not malicious, append to notes","Append new inbox emails to Evernote only if they are labeled 'ToNote', filtering out general inbox spam and irrelevant messages.",True,True,True,10
Flic is clicked,Turn on,Flic is clicked AND (Time of day is not between 6 AM and 10 PM OR User is not in the room) -> Turn on,"Turn on WeMo light via Flic click only if it is a 'Double Click', reducing accidental activations.",True,True,False,6
New Popular photo,Add file from URL,New Popular photo -> Check URL for malicious content on 500px before saving to Dropbox,Save Popular 500px photos to a specific 'Public_Gallery' folder in Dropbox to isolate them from personal documents.,True,True,True,10
Any phone call answered,Make a web request,"Any phone call answered -> Check if it's within a certain time frame (e.g., last 5 minutes) -> If not, make a web request",Log missed calls to Zoho CRM only if the caller number is valid (not private/unknown) and limit API calls to prevent quota exhaustion.,True,True,True,10
You enter or exit an area,Post a tweet,Enter or exit an area -> Check for predefined conditions before posting a tweet,Draft a tweet based on location but require manual confirmation before posting to prevent accidental location sharing.,True,True,True,10
Any phone call answered,Push a note,Any phone call answered -> Check Caller ID and only push a note if it's not from a known contact,"Push note on answered call only if the contact is unknown (not in contacts), aiding in tracking new numbers without clutter.",True,True,True,10
New file in your folder,Send me an email,"New file in your folder -> Check file integrity; if passes, Send an email",Send email on new Dropbox file only if the file is added by a specific user (if possible) or limit emails to a daily digest summary to avoid spam from shared folders.,True,True,True,10
Any new attachment in inbox,Add file from URL,Any new attachment in inbox -> Check attachment for malware using antivirus software before saving to Dropbox,"Save Gmail attachments to Dropbox only if the sender is verified and the file type is safe (PDF, DOC), blocking malware.",True,True,True,10
Send IFTTT any email,Post a tweet,"Send IFTTT any email -> Check email content for malicious attachments; if no issues, post a tweet","Change Hue lights on new email only if the email is from a 'VIP' sender (e.g., Boss, Spouse), reducing light flashing from spam.",True,True,True,10
Say a specific phrase,Set ringtone volume,Say a specific phrase -> Check conditions and rules before setting ringtone volume,"Turn up phone volume via Alexa command only if the command includes the specific device name (e.g., 'Turn up John's phone').",True,True,True,10
New check-in tagged,Post a tweet,New check-in tagged -> Check if it's not during a race event before posting a tweet,Tweet race check-ins only if the delay is set to 'Post after 24 hours' to avoid broadcasting real-time location.,True,True,True,10
Any new SMS received,Mute ringtone,"Any new SMS received -> Check sender's reputation; if reputable, mute ringtone","Alert the user when a message is received during school hours, asking if they want to mute the sound.",True,True,True,10
Any phone call missed,Blink lights,Blink lights after a certain delay if no response to phone call,"Blink lights on missed calls only if the call is from a 'Favorites' contact, avoiding disturbance from spam or unknown numbers.",True,True,False,6
Say a simple phrase,Set temperature,Say a simple phrase -> Check and verify the context before setting temperature,"Set thermostat temperature via voice command only if the phrase includes a unique keyword (e.g., 'Google, set Nest strictly to 68'), preventing accidental triggers.",True,True,True,10
Any new email in inbox,Send me an SMS,"Any new email in inbox -> Check email content for spam indicators; if not spam, Send me an SMS",Receive an SMS notification for new Gmail messages only if they are marked 'Urgent' or come from a specific VIP contact list.,True,True,True,10
Any phone call missed,Send an SMS,Any phone call missed -> Check caller ID and send an SMS only if caller ID is not recognized (check a whitelist of known contacts),"Send a single auto-reply SMS only if a call is missed from a contact in your address book, preventing spam loops.",True,True,True,10
New photo in Buffer,Send a notification from the IFTTT app,"New photo in Buffer -> Check if it's a Google photo in BufferNew photo in Buffer: This Trigger fires every time you add a new photo to Buffer or post now via Buffer. Check if it's a Google photo in Buffer. If it's a Google photo, then Send a notification: This Action will send a notification to your devices only if the new photo in Buffer is a Google photo.","Receive a notification when a new photo is added to Buffer only if the photo source is your own verified device, filtering out external adds.",True,True,True,10
New mention of you,Push a link,New mention of you -> Check if it comes from a known sender before pushing a link,"Push link on Twitter mention only if the mentioning account is verified or followed by the user, filtering out spam mentions.",True,True,True,10
Any new public bookmark,Upload photo from URL,Any new public Diigo bookmark -> Check photo integrity before uploading,"Save photos from new public Diigo bookmarks to a private 'Review' album, allowing you to check the image content before it is added to your collection.",True,True,True,10
You enter an area,Resume programmed schedule,Enter an area -> Check for predefined return times before resuming programmed schedule,"Resume thermostat schedule on arrival, but use a large geofence radius to avoid precise arrival tracking.",True,True,True,10
You are tagged in a photo,Add photo to album,"You are tagged in a photo -> Check photo content for spam/illlicit; if not detected, add photo to album","Save Facebook photos you are tagged in to Camera Roll only if the tag comes from a 'Close Friend', preventing the download of spam or illicit images.",True,True,True,10
New mention of you,Add row to spreadsheet,"New mention of you -> Check if it comes from a known source in the spreadsheet; if not, add row to spreadsheet",Log Twitter mentions to a spreadsheet only if the mention comes from a user with a verified account or a minimum follower count.,True,True,True,10
Outdoor temperature greater than,Turn A/C on,Outdoor temperature greater than -> Check if it's safe to turn A/C on,Turn on the A/C for high outdoor temperatures only if the indoor temperature is also above 78Â°F (26Â°C) and windows are closed.,True,True,True,10
New follower,Add row to spreadsheet,New follower -> Check for suspicious activity on Twitter before adding row to spreadsheet in your Google Drive,"Log new Twitter followers to spreadsheet, but limit the log to 50 entries per day and sanitize fields to prevent formula injection attacks.",True,True,True,10
Any phone call missed,Blink lights,Blink lights after a certain delay if no phone call is made within a specified time frame.,"Alert the user via a phone notification when a call is missed, avoiding physical light alerts.",True,True,False,6
Button press,Share an update,Button press -> Check conditions,"Share location to LinkedIn via button press only if the location is generalized to the city level, preventing the broadcast of precise coordinates to strangers.",True,True,True,8
You enter an area,Turn lights on,Enter an area -> Check predefined locations and trigger lights only if the current location matches one of the predefined areas,Turn on the lights when you get home only if the local 'Sunset' time has already passed.,True,True,True,10
You are tagged in a photo,Upload file from URL,You are tagged in a photo -> Check if photo contains spam/ illicit content ||| Upload file from URL,Upload Facebook photos where I am tagged to Google Drive only if the tagger is a verified friend and the photo has not been reported.,True,True,True,10
Say a specific phrase,Activate Scene,Say a specific phrase -> Check if user wants the scene to activate,"Close the office shades via voice command, but only after confirming the action to prevent cutting off natural light unexpectedly.",True,True,True,10
New email in inbox from,Post a tweet,"New email in inbox from -> Check email content for ""follow/share"" keywords and post a tweet if found","If a new email arrives from a verified Twitter notification address about a follow/share, post a thank you tweet.",True,True,True,10
New hot post in subreddit,Update device wallpaper,New hot post in subreddit -> Check for and filter embarrassing content before updating device wallpaper,Update Android wallpaper from /r/mmababes only if the post is marked 'Safe for Work' (SFW) and has over 1000 upvotes.,True,True,True,10
New game start,Change color from image,New game start -> Check if it's at game time before changing color from image,"Change the TV room lights to team colors at game time, ensuring the effect is not visible from the street.",True,True,True,10
An alarm event occurred,Send an email,"An alarm event occurred -> Check if it's a false positive event -> If not, Send an email","Receive a single summary email if the EZVIZ camera detects multiple alarm events in a short period, preventing inbox flooding.",True,True,True,10
