generated_rule,ground_truth,valid_format,mitigating_verb,rougeL,semantic_sim
Power on device when entering area but set default to off; enable only if needed to avoid accidental power on.,"Ask for a secure confirmation before powering on the device at home, ensuring it is safe to operate unattended.",True,True,0.15384615384615385,0.5538428425788879
Set ringtone volume to 100% only when leaving a specific area; disable after use to avoid unwanted notifications.,"Offer to turn on the ringer when leaving school, allowing the user to verify the surrounding environment first.",True,True,0.2222222222222222,0.3640597462654114
Disable camera motion detection when entering an area but re-enable after 5 minutes to ensure safety.,"Disable camera motion detection on arrival only if the user connects to the specific 'Home' WiFi network, verifying actual presence.",True,True,0.27027027027027023,0.5804581046104431
Set ringtone volume only when making a call; reset to default otherwise to avoid unnecessary noise.,"Notify the user when a call is placed, reminding them to check the ringtone volume setting.",True,True,0.25,0.795800507068634
Log arrival to Google Calendar when entering work but disable location sharing to avoid tracking.,Log work arrival times to a generic 'Work Log' calendar without storing precise GPS coordinates.,True,True,0.26666666666666666,0.6888726949691772
Set ringtone volume to max on SMS 'volumeup' only; disable auto-reply for other commands.,"Notify the user when a specific SMS command is received, asking if they want to maximize the ringtone volume.",True,True,0.11764705882352941,0.7849825620651245
Turn off hue lights when you exit an area but set initial visibility to 'Off' to prevent unauthorized control.,"Turn off Hue lights on exit, but leave a random security light on for 30 minutes to simulate occupancy and deter burglars.",True,True,0.3414634146341463,0.7117053866386414
Automatically create text files for labeled emails in local storage instead of Dropbox to mitigate cybersecurity risks.,Backup labeled emails to Dropbox as PDF files to neutralize potential malicious attachments.,True,False,0.26666666666666666,0.7061362266540527
"Post popular photos to Twitter but set the default visibility to ""Only Me"" or ""Friends"" to prevent public exposure.",Receive a daily digest email of popular 500px photos in your chosen category instead of auto-posting them to Twitter.,True,True,0.20512820512820512,0.598193347454071
"Mute ringtone only when entering office; otherwise, keep it on to avoid missing important calls.","Notify the user when entering the office, asking if the phone should be muted.",True,True,0.20689655172413796,0.7578093409538269
Turn off lights daily at a random time after leaving for work to avoid predictability.,"Turn off lights at a scheduled time (e.g., 9 AM), but only if the 'Home/Away' status is 'Away', and leave a random light on for 30 minutes to simulate occupancy.",True,True,0.3404255319148936,0.7183864116668701
Turn new loves into link posts but set default visibility to 'Friends Only' on Facebook to prevent public exposure.,Share 'loved' Ello posts to Facebook only if the original post is marked as public and suitable for general audiences.,True,True,0.20512820512820512,0.5825672149658203
"Call your phone when Roost detects an alarm; otherwise, alert through other channels to avoid spam calls.","Call phone on Roost alarm trigger, but limit calls to one every 10 minutes to ensure you are alerted without rendering the phone unusable due to constant ringing.",True,True,0.22222222222222224,0.7258243560791016
Post 500px Editor's Choice to Fb wall but set post visibility to 'Only Me' or 'Friends' to prevent public exposure.,"Post 500px Editor's Choice to Facebook only if the category is 'Nature' or 'Animals' (safe for work), filtering out potentially nsfw artistic nudity",True,True,0.35555555555555557,0.5344539880752563
Activate Output only when entering or exiting an area; disable auto-activation and use manual trigger instead.,"Connect the Cloudbit to an EL wire to light up when a friend arrives, ensuring the location trigger is shared only over a secure, private channel.",True,True,0.0930232558139535,0.22198830544948578
Send an SMS on missed calls but disable auto-replies to avoid SMS spamming.,"Send a notification to the user when a call is missed, ensuring no important calls are overlooked.",True,True,0.1935483870967742,0.7023792862892151
Turn on deck light when you enter home but set as a reminder to avoid unexpected power on.,"Offer a notification to turn on the lights when you get home, allowing you to choose which specific lights to activate.",True,True,0.30769230769230765,0.6435481309890747
Post new videos to WordPress blog but set visibility to 'Private' to avoid public exposure.,Create WordPress post from new video upload only if the video is 'Public' and added to a specific 'Blog' playlist.,True,True,0.2285714285714286,0.7815912961959839
Sync new email attachments to OneDrive but disable automatic upload to Google Drive.,Sync email attachments to OneDrive for Business only if the sender is in your contacts list.,True,True,0.3448275862068966,0.767629861831665
Generate a map image on page load but disable AppletA button to prevent manual triggering; enable location tracking only when app is open.,"Log your location to a secure, private map journal when the button is pressed, without generating a publicly shareable image.",True,True,0.18604651162790697,0.6089155077934265
Post new feed items to social media only if they contain relevant content and review them before publishing.,Create a WordPress post from a 'Liked on YouTube' feed item only if the video is from a verified channel.,True,False,0.2105263157894737,0.4460205137729645
Send a Pushover notification but disable auto-repost to avoid spam when door alarm triggers.,Send a high-priority Pushover notification for the door alarm only if the system is currently armed and the user is away.,True,True,0.3243243243243243,0.6493995189666748
Add new screenshots to a local folder instead of uploading them to a cloud album.,"Notify the user when a screenshot is taken, asking if they want to save it to a specific folder.",True,False,0.17647058823529413,0.5855174660682678
"Turn off devices every Saturday at 8:30 local time, except for critical systems, to avoid potential hazards.","Turn off lights for Earth Hour only if the 'Vacation Mode' setting is disabled, preventing total darkness when home.",True,True,0.16216216216216214,0.5253168344497681
End activity when a specific phrase is said but prompt user before execution to avoid unintended end.,"Turn off a specific Harmony activity using a trigger phrase, with a secondary confirmation to prevent accidental interruptions.",True,True,0.22857142857142856,0.49614217877388
Send a notification from the IFTTT app but only when the document is accessed; disable automatic visits.,"Notify on document visits, but cap notifications to a maximum of 1 per hour per document to prevent alert fatigue from repeated clicks by the same user.",True,True,0.13636363636363638,0.5365942716598511
Change vehicle color only when a car is approaching and alert visually; disable automatic color change otherwise.,Change light color on vehicle detection only if the vehicle is flagged as 'Unknown' and enforce a 5-minute cooldown to prevent continuous flashing.,True,True,0.24390243902439027,0.7425915002822876
Send a DM to friends when leaving SIGNUL beacon zone but set default tweet visibility to 'Only Me' to prevent location leaks.,"DM friends on leaving work only if the message is generic ('Heading out') and sent to a specific group chat, protecting privacy",True,True,0.22727272727272727,0.5005372762680054
Turn on lights at 19 every workday but set as off during non-workdays to avoid accidental on.,"Turn on lights at 19:00 on weekdays, but only if the home is occupied (presence detection) to save energy and avoid signaling an empty house",True,True,0.3636363636363637,0.687764585018158
Turn on Philips Hue lights only once per motion detection event to avoid continuous lighting.,"Turn on Philips Hue lights when motion is detected, but only between sunset and sunrise to conserve energy and reduce wear from daytime triggering.",True,True,0.35897435897435903,0.801940381526947
Post new tagged items to your web blog in Wordpress but disable Pocket integration to avoid accidental cross-posting.,"Publish Pocket items to WordPress only if tagged with 'Publish' or 'Public', ensuring that private reading list items remain confidential.",True,True,0.15384615384615385,0.5823417901992798
Create a link note to the photo on Evernote but set the visibility to 'Only Me' or 'Page' to prevent unwanted publication.,"Create a note in a private Evernote notebook with a link to new Facebook Page photos, ensuring the archive is for your eyes only.",True,True,0.2608695652173913,0.6737395524978638
"Turn off the heater when exiting an area but set a reminder to check settings, to avoid accidental shutdown.",Trigger a high-priority prompt to turn off the heater when leaving home to ensure the house remains safe.,True,True,0.3157894736842105,0.7330431938171387
Upload new photos from Dropbox Requests link to Facebook fan page gallery instead of auto-uploading to cloud storage.,Upload Dropbox photos to Facebook Page only if they are in a specific 'Contest_Submissions' folder and have passed a manual review or moderation step.,True,False,0.22727272727272727,0.7412694692611694
Post a tweet when the Leafs score! #TMLTalk but disable auto-posting to avoid accidental leaks.,"Tweet Leafs scores only for home games, and limit frequency to once per quarter to avoid feed flooding.",True,True,0.23529411764705882,0.6563441753387451
"Call your phone by saying ""Alexa, trigger find my phone"" but set a custom ringer to avoid unwanted calls.","Trigger a call to your phone via Alexa to help find it, requiring a 'yes' confirmation to ensure you are ready to listen for the ring.",True,True,0.3111111111111111,0.8253188133239746
Turn off lights when you exit an area; set a random delay to avoid predictability.,"Turn off lights when exiting an area, but maintain a 'security light' in the hallway and add a random delay of 5-15 minutes to avoid signaling immediate vacancy.",True,True,0.5,0.7601745128631592
Turn on heater when LOWTEMP label added to new email in inbox; disable automatic turn-on by setting a delay before action.,Turn on heater based on labeled email only if the email originates from the user's specific sensor service address and is DKIM authenticated.,True,True,0.17391304347826086,0.5671162605285645
Turn off lights when exiting area; turn them back on after 30 mins to avoid empty house signal.,"Turn off outdoor lights when leaving the area, but keep them on for a 5-minute safety delay to ensure you have safely departed.",True,True,0.380952380952381,0.744630753993988
Send an email to IFTTT to turn A/C on but disable automatic execution; use Sensibo app for manual control.,Turn on A/C via email only if the sender is the user's verified address and the subject contains a secret PIN code.,True,True,0.13636363636363635,0.4443055987358093
Send notification for missed calls but disable auto-repeats and set limit to 3 consecutive misses on Xfinity set top box.,"Display missed call notifications on Xfinity TV, but group repeated calls from the same number into a single summary alert to avoid screen spam.",True,True,0.13333333333333333,0.7980887293815613
Send an SMS on entry to DORM at your specified locations but disable by default; enable in Settings.,"Log your location entry in a secure, encrypted file for personal auditing instead of sending an unencrypted SMS.",True,True,0.1111111111111111,0.4813486337661743
Set temperature on arrival based on last known location; disable auto-activation for new SMS matches.,Receive a notification to adjust the thermostat when an SMS with the code 'WARMUP' is received from a trusted contact.,True,True,0.05555555555555556,0.5341702699661255
Turn off lights when the last family member leaves but set a delay and randomize on/off cycles to avoid predictability.,"Turn off lights when the last person leaves, but keep a random 'security light' on or delay the action to prevent signaling an empty house to observers.",True,True,0.4583333333333333,0.700431227684021
Blink lights when the phone is currently ringing; disable blinking if the call lasts more than 5 seconds to avoid continuous blinks.,"Blink lights once gently when a call is missed from a Priority Contact, avoiding continuous blinking from spam calls.",True,True,0.24390243902439024,0.7827166318893433
"Change Philips Hue lights to Ooma blue only when a new voicemail is received; otherwise, revert to default color.","Notify the user of a new voicemail, asking if they want to change the Hue light color to blue for visual awareness.",True,False,0.24390243902439024,0.7441020011901855
"Turn on All lights only if you say ""Alexa trigger emergency"" and confirm with a secondary action.","Turn on all lights for an emergency via Alexa, requiring a distinct confirmation code or phrase to ensure it's a genuine emergency.",True,False,0.3,0.8488558530807495
"Lock doors, turn off lights, and set thermostat back when you leave an area; disable other devices for added safety.","Before running the HomeSeer 'Leave Home' event, verify that all external doors are reported as 'Closed' by the sensors.",True,True,0.05128205128205128,0.4191734790802002
Upload new photos to Facebook Page but set the default privacy to 'Only Me' or 'Friends' to prevent public exposure.,"Save photos posted to your FB Page to a private, backup-only folder in Google Drive, ensuring they aren't shared unintentionally.",True,True,0.23809523809523808,0.6253882646560669
Send a Pushover notification for error emails from Wappwolf but disable repeated notifications in the app settings.,"Forward Wappwolf error notifications to Pushover only if the error frequency is below 3 per hour, preventing alert fatigue.",True,True,0.16666666666666669,0.8004079461097717
Send an email alert for new SMS but disable automatic email sending to avoid mailbox spam.,"Forward SMS to email only if the sender is in the 'Contacts' list, preventing the forwarding of spam or verification codes.",True,True,0.16216216216216214,0.66144198179245
Play sound when motion detected but set a delay before triggering next sound to avoid continuous alerts.,"Trigger the D-Link Siren when Arlo detects motion, but limit the alarm duration to 30 seconds with a 10-minute cooldown to prevent abuse.",True,True,0.2380952380952381,0.4853682518005371
"Send a notification when you are tagged in a photo, but disable Instapush notifications to prevent unauthorized access.","Notify via Instapush on Facebook tags only if the tagger is a 'Close Friend', filtering out spam notifications from random people or bots.",True,True,0.0975609756097561,0.6735353469848633
Generate a link post from new emails in inbox but set a keyword filter to avoid publishing spam content.,Post a link to a Facebook Page only when a new email is received from a verified internal company address matching a specific project topic.,True,True,0.1818181818181818,0.48135581612586975
Post new check-ins to Facebook using hashtag #fb but set location sharing to private to avoid exposing your location.,"Tweet check-ins from Foursquare/Swarm only if the venue category is 'Public Place' (e.g., Museum, Park) and exclude 'Home' or 'Private' locations.",True,True,0.13636363636363635,0.41390320658683777
Upload new photos to camera roll on OneDrive but set privacy to 'Family' to prevent unwanted sharing.,"Upload iPhone photos to OneDrive only if they are added to a specific 'OneDrive' album, preventing camera roll dumps.",True,True,0.27777777777777773,0.7401880025863647
Post a tweet with image of new status message by Abdullah Ali Hassani but set visibility to 'Only Me' or 'Friends' to prevent public exposure.,"Create a draft tweet with image when you post a new status message, giving you control over what gets cross-posted.",True,True,0.30434782608695654,0.6647019386291504
"Call your phone but set a limit of 3 consecutive rings; otherwise, ignore the new ring detection.","Notify the user on their phone when the Ring doorbell is pressed, providing a direct link to the camera feed instead of a call.",True,True,0.14634146341463414,0.4748353660106659
"Send an SMS tagged ""Toggle Food Dehydrator"" to toggle its state; do not turn it off by mistake.",Toggle the WeMo Switch via SMS only if the message comes from the user's registered phone number and contains a secure passcode.,True,False,0.04878048780487805,0.3899047076702118
Send SMS on new motion detected but disable notifications for Ring's own alerts to avoid false positives.,"Send a text when Ring detects motion, but limit notifications to one every 15 minutes to prevent spamming from continuous motion.",True,True,0.25641025641025644,0.7926613092422485
Turn on color loop when a new email in inbox is labeled but set a secondary verification step to avoid unintended activation.,"Trigger Hue color loop on email only if the sender is 'VIP' or a known contact, preventing random spam emails from controlling your home lighting.",True,True,0.21276595744680854,0.5483965873718262
"Start activity (turn off av equipment) only if spoken when going to bed or leaving, using a defined phrase to avoid unintended activation.","When the command to turn off AV is heard, ask for confirmation before shutting down the equipment.",True,True,0.19999999999999998,0.6579121351242065
Turn off lights when you leave home but set a delay and randomize on/off cycles to avoid predictability.,"Turn off lights when leaving home, but delay the action by 10-20 minutes and keep one security light on to avoid signaling immediate vacancy.",True,True,0.5,0.7402139902114868
Disarm system only when entering home; re-arm immediately after recording or as needed to ensure safety.,"Disarm Home8 system on arrival only if the user confirms via a mobile notification, preventing accidental disarming if the phone connects from outside the door.",True,True,0.14285714285714282,0.622158408164978
Post new favorite tracks as images to Twitter but set visibility to 'Only Me' or 'Friends' to prevent public exposure.,"Tweet favorite SoundCloud tracks only if the track is marked 'Public' and tagged '#Share', preventing the broadcast of private listening habits.",True,True,0.1951219512195122,0.6828888654708862
Start Rachio watering zone when you arrive at home but disable auto-switch on; use a manual trigger instead.,Activate a specific watering zone upon arrival only if the system hasn't watered in the last 24 hours.,True,True,0.10526315789473684,0.6724585890769958
Turn off lights when entering home but set a delay of 5 minutes to avoid revealing routine patterns.,"Turn off lights when entering 'Work' area, but add a confirmation prompt to ensure lights aren't turned off while others are still home.",True,True,0.380952380952381,0.706657350063324
"Blink lights with 5 blue flashes when tagged in a photo from Facebook, disable auto-blink otherwise.",Blink LIFX lights on Facebook tags only if the tagger is a 'Close Friend' and limit the blink duration to 3 seconds to avoid hardware stress or annoyance.,True,True,0.17777777777777778,0.7492824792861938
Send an SMS on new email in inbox from Gmail but disable auto-reply to avoid unintended SMS sending.,"Receive an SMS alert for new Gmail messages only if they contain the keyword 'URGENT' in the subject line, avoiding general notification spam.",True,True,0.1904761904761905,0.6081386208534241
Blink lights when a new status is posted on Facebook Page; disable by default unless enabled manually.,"Blink lights on a new Facebook Page status only during waking hours (e.g., 8 AM - 10 PM) to avoid sleep disturbance.",True,True,0.30769230769230765,0.8448783159255981
Tagged in a photo? Add to album but disable auto-saving to Photo Album to avoid unwanted sharing.,"Add Facebook tagged photos to an album only if the tagger is a verified friend, creating a curated album free from spam tags.",True,True,0.1951219512195122,0.7353745698928833
Turn OFF presence item when you exit an area but set a random delay between 30s-5min to avoid predictability.,Set home presence mode to 'Away' with a random delay of 5-15 minutes after leaving the area to mask exact departure times.,True,True,0.23255813953488372,0.7736302614212036
Send an SMS on missed calls but disable auto-reply to avoid repeated calls and SMS spam.,"Alert the user of a missed call, asking if they want to send a personalized SMS with their name.",True,True,0.16666666666666669,0.7191113233566284
Link new photo in Buffer -> Publish a new post but set visibility to 'Only Me' or 'Friends' on Weibo to prevent public exposure.,"Publish Buffer photos to Sina Weibo only if the original post is set to 'Public' and contains a specific sharing tag, preventing private photos from being exposed.",True,True,0.19999999999999998,0.8116791248321533
Send an email to trigger@recipe.ifttt.com #offlights but use a unique password and enable email verification to avoid unauthorized access.,Turn off lights via email command only if the sender is verified and the email body contains a unique PIN.,True,True,0.14285714285714282,0.4784778952598572
"Blink lights when entering an area to indicate you're home, but keep brightness low and duration short to avoid detection.","Flash lights once when you are almost home, but only between the hours of 5 PM and 9 PM, avoiding disturbance or signaling presence late at night.",True,True,0.25,0.6592864394187927
Share an update every day at a non-conflicting time to avoid clashing with professional commitments.,"Share a 'Good Morning' update only on weekends or holidays, or randomize the time slightly to avoid revealing a precise daily routine.",True,True,0.2631578947368421,0.6568920612335205
"Turn off SpotCam Alert when your SmartThings device is opened to enhance security, but record the event for later review.",Mute SpotCam alerts upon opening only if a valid entry code was successfully entered on the primary smart lock.,True,False,0.10256410256410256,0.6712360382080078
"Post to channel when leaving work but set location to 'Away' mode to notify only, without sharing exact location.","Post 'Stepping Out' message to Slack via button press, but use a generic 'Away' status without revealing specific location details or duration.",True,True,0.2926829268292683,0.5845823884010315
Send a status message only when motion is detected by SpotCam for the first time.,"Update social status when SpotCam detects motion, but limit updates to once per hour to prevent spamming the feed.",True,False,0.23529411764705882,0.7244678735733032
Push new public photos to Pushbullet but set visibility to private to prevent unauthorized access.,"Push new Flickr public photos to Pushbullet only if they are uploaded to a specific, moderated album.",True,True,0.43749999999999994,0.7588282823562622
"Send an SMS notification when a new SMS received, but disable automatic message sending to avoid potential spam.","Notify the user of an incoming SMS during a phone switch, suggesting to manually forward or reply.",True,True,0.22857142857142856,0.6892656087875366
"Create a Todoist task in Personal folder only when a new link is posted on Facebook Page, otherwise ignore.",Create a Todoist task from a Facebook Page link only if the link domain is trusted and not on a blocklist.,True,True,0.4,0.7481645345687866
"Upload attachments from URLs only when emails are labeled as 'Important', saving them to a secure Google Drive folder.","Upload labeled email attachments to Google Drive only if the sender is verified within the organization domain, preventing external attacks via malicious attachments.",True,False,0.23809523809523808,0.7445344924926758
Send a notification from the IFTTT app but disable the automatic post from search to avoid unnecessary notifications.,"Get an IF notification if someone mentions your reddit username, limited to one notification per hour to prevent spam.",True,True,0.10810810810810811,0.3864944279193878
Save new bitlinks to InstantPaper but disable auto-publish; review before publishing manually.,"Save Bitlinks to Instapaper only if the link is tagged 'ReadLater', preventing the saving of temporary or private links.",True,True,0.18749999999999997,0.6261130571365356
Blink lights when tagged in a photo but disable auto-blink on social media alerts to prevent continuous flashing.,"Flash the lights blue when you are tagged in a Facebook photo, but limit the effect to once every 10 minutes to prevent hardware damage from repeated tagging.",True,True,0.3829787234042553,0.6574888825416565
Post a tweet about your check-in but set the visibility to 'Only Me' and use a custom message without revealing your exact location.,"Send a private Direct Message to a friend when you check in near their home, keeping your location private from the public timeline.",True,True,0.2127659574468085,0.6774019002914429
Send data to Adafruit IO but disable NeoPixel control via SMS; use a dedicated API key instead.,"Turn on lights when an SMS with a specific security code is received, preventing unauthorized activation.",True,True,0.12121212121212122,0.3222930431365967
Turn on lights via IFTTT but only if a secondary PIN is entered; avoid using device tags for security.,"Turn on lights via SMS only if the message comes from a verified number and includes a specific PIN code, preventing unauthorized control.",True,True,0.380952380952381,0.684669554233551
"Turn on/off lights via IFTTT only when notified by a physical presence sensor, not by email.","Trigger lights via email only if the email body contains a specific, secret PIN code to verify the sender's authenticity",True,False,0.21052631578947367,0.521601676940918
"Change light color when saying ""Change lights"" but set default to off; disable auto-change on accidental trigger.","Set lights for 'Crunchyroll and Chill' via Alexa, requiring a voice confirmation to ensure the scene is activated intentionally.",True,True,0.10810810810810811,0.34843796491622925
Share new posts to Facebook but set the default privacy to 'Only Me' or 'Friends' to prevent public exposure.,"Share new blog posts to Facebook only if the post status is 'Published' (not draft) and the post category is 'Public/News', preventing the sharing of private entries.",True,True,0.2978723404255319,0.7319240570068359
Turn off lights when item added to To Do List but set Hue lights to 'Off' mode initially.,"Flash a specific, isolated lamp when an Echo timer ends, avoiding whole-house signaling.",True,True,0.0625,0.25289928913116455
Send a notification from the IFTTT app but limit to 5 tweets per minute using the specific hashtag to avoid spam.,"Notify on Twitter hashtag mention only if the tweet is from a verified user or followed account, filtering out bot spam.",True,True,0.09523809523809523,0.6491924524307251
Post new feed items as tweets with image but use a custom hashtag and limit visibility to followers to reduce spam risk.,Tweet feed items only if the feed source is a trusted provider (Allowlist) and the content does not match a blacklist of spam keywords.,True,True,0.21739130434782608,0.5972269177436829
Add photo from URL to Keenai only when publishing to Keenai; disable automatic sharing to other networks.,"Save Facebook photo uploads to a private Keenai album for backup, rather than sharing them publicly or to a shared stream.",True,True,0.2631578947368421,0.735535740852356
Turn on #wemo switch when you leave home but set it to 'Away Mode' to alert others and prevent unexpected changes.,Request confirmation to turn on the #wemo switch when leaving home to ensure the action is purposeful.,True,True,0.36842105263157887,0.7759153842926025
Create a note from new SMSs in Evernote but set it as private to avoid unwanted sharing.,Save SMS messages from known contacts to Evernote to prevent saving spam or malicious content.,True,True,0.18750000000000003,0.6949554085731506
Set light level with HVAC temperature > 25°C but disable fan when below 20°C to avoid unnecessary circulation.,"Turn on fan (Lutron switch) on high temp, but ensure a 'Max Runtime' of 1 hour to prevent overheating or energy waste.",True,True,0.0975609756097561,0.5214253664016724
Share daily Fitbit summary to Facebook but set it to 'Only Me' to prevent public embarrassment.,"Log your daily Fitbit activity summary to a private Facebook post (Only Me), allowing you to decide if you want to share it.",True,True,0.41025641025641024,0.8159911036491394
Add rows to spreadsheet only when searching for specific keywords; disable auto-update for non-specific searches.,"Add tweets to spreadsheet only if they are from a specific user or list, filtering out global search noise and spam.",True,True,0.2631578947368421,0.4788534939289093
Upload files from starred emails only from local device to cloud storage; disable auto-upload.,"When an email with an attachment is starred in Gmail, save the attachment to a specific Google Drive folder named ""Quarantine/To_Verify"" and send a notification to the user to scan or verify the file before opening",True,True,0.07547169811320754,0.5647724866867065
Notify a status message for new emails in inbox from search but set default FB post visibility to 'Only Me' or 'Friends' to prevent public exposure.,"Create a draft Facebook post when a specific email is received, allowing you to verify the content before publishing.",True,True,0.13333333333333333,0.5026340484619141
Add new posts from search to daily email digest but set a delay before sending to filter out potential spam.,"Add Craigslist search results to the daily digest only if the results contain specific user-defined keywords (excluding common spam terms), reducing spam in the digest.",True,True,0.2608695652173913,0.5828186869621277
"Send an email on new SMS matches search but add a delay before sending to avoid spamming and increase verification (e.g., 5 min).","Email SMS OTPs only if the sender ID matches a known bank or service provider (Allowlist), preventing the forwarding of spam or malicious SMS.",True,True,0.16666666666666666,0.47550272941589355
Post new blog as link post only if it's labeled Featured and set to 'Visible to Everyone' on the original blog.,Post blog entries labeled 'Featured' to a Facebook draft post for final review before publishing.,True,True,0.27027027027027023,0.5559399127960205
Send an SMS alert for new SMS but disable automatic message sending; enable manual approval only.,"Send a notification to the user's alternative device when an inbound text is received, instead of auto-forwarding.",True,True,0.11428571428571428,0.4164731800556183
Turn camera flashlight on only if a secondary PIN code is provided after saying the specific phrase to avoid accidental mode change.,"Turn on the camera flashlight via Alexa trigger, but only after confirming the action to prevent accidental activation and battery drain.",True,True,0.37209302325581395,0.6030349731445312
Post your location to your Blogger blog but disable the embedded map image to prevent location tracking.,"Post location map to Blogger via button press, but generalize the location to the 'City' level rather than exact GPS coordinates to protect privacy.",True,True,0.34146341463414637,0.7732760310173035
Change color of lights when motion detected but set a delay before re-detecting motion to avoid continuous changes.,"Change light color on motion detection, but apply a 'cooldown' period of 5 minutes between changes to prevent strobe-like manipulation.",True,True,0.3,0.7471834421157837
Only add files from imgur links; disable auto-saving for other URLs to prevent data leakage.,Save files from upvoted posts only if the source domain is trusted and the file type is verified as a safe image (non-executable).,True,True,0.1,0.4681311845779419
Add rows to spreadsheet but set unique names and formats for each message; disable automatic upload to Drive.,"Backup SMS to Google Drive only if the sender is a known contact, preventing the spreadsheet from filling with spam.",True,True,0.10526315789473685,0.5762438774108887
Send a notification from the IFTTT app but disable automatic updates; use manual trigger for new listings on eBay.,"Receive notifications for new eBay listings matching your search terms, but limit frequency to once per hour to prevent spam.",True,True,0.15384615384615385,0.6554539203643799
"Download files from URL in email subjects labeled ""Dropbox"" to Dropbox folder but disable automatic download for non-labelled emails.",Upload files to Dropbox from email URL only if the sender is the user's verified email and the subject line contains a secret authorization code.,True,True,0.17391304347826086,0.6233192086219788
Blink lights when ignition turns on but disable auto-blink after 5 minutes to reduce suspicion.,"Notify household members via a message when the user leaves work, rather than blinking lights.",True,True,0.06451612903225808,0.46400177478790283
Turn on Wemo devices when entering a specified area but set initial mode to 'Off' unless explicitly enabled by user settings.,Request confirmation before turning stuff on when entering a specified area to prevent multiple devices from surging.,True,True,0.36842105263157887,0.5535489320755005
Turn off D-Link Smart Plug if a known person arrives at home but notify before changing mode.,"Ask if the D-Link Smart Plug should be turned off when a known person arrives home, preventing unnecessary power use.",True,True,0.4615384615384615,0.8360289335250854
Send tagged emails to channel but disable auto-post to channel unless explicitly configured via web interface.,Post email content to Slack only if the email sender is verified as an internal team member and the subject line contains a specific project code.,True,True,0.0930232558139535,0.3859916031360626
Turn on the Hive Active Light when entering an area but set initial visibility to 'Off' and enable 'On-Screen Display' mode to prevent immediate exposure.,"Turn on lights when entering home area, but limit the trigger radius to a very short distance (Geofence) to avoid signaling arrival too early to observers.",True,True,0.3076923076923077,0.3550863265991211
Turn on group of lights when entering an area but set a random delay and brightness variation to avoid predictability.,"Turn on lights when entering the home area only if the ambient light level is low (i.e., it's dark outside) to save energy and reduce signaling.",True,True,0.2916666666666667,0.6164286732673645
Notify yourself via notification center when posting #salesforce to avoid unwanted public records in Salesforce.,Log a case in Salesforce from a Facebook status only if the status is explicitly tagged '#support_request' and public.,True,True,0.1142857142857143,0.33651942014694214
Send new starred emails to Evernote notebook but disable automatic creation of notes.,Create Evernote notes from starred emails only if the sender matches your own email address to filter out potential spam.,True,True,0.18181818181818185,0.8102641105651855
Send an SMS upon missed calls from non-emergency numbers; disable auto-reply for other numbers.,"Notify the user of a missed call, asking if they want to send an informational message to the caller.",True,True,0.11428571428571428,0.6966005563735962
"Send an email alert when new feed items are added, but disable automatic email sending to avoid spam.","Send email from RSS feed only if the feed URL is a trusted source (e.g., official news site) and limit frequency to max 5 emails per day.",True,True,0.17391304347826086,0.6112567186355591
Toggle lights on/off by saying a specific phrase but set a secondary confirmation step first.,"Toggle WeMo insight switch via voice command only if followed by a confirmation keyword (e.g., 'Confirm Toggle').",True,True,0.23529411764705882,0.4830549955368042
Turn on lights when phone connects to a specific WiFi network but set a manual trigger first to avoid accidental activation.,"Notify the user when the phone connects to the network, suggesting to turn on the lights.",True,True,0.3243243243243243,0.732393741607666
Set ringtone volume on missed calls from specific number only; adjust others to default to avoid volume control manipulation.,"Alert the user of a missed call from a specific number, recommending to check and adjust the volume.",True,True,0.3243243243243243,0.7879902124404907
Share blog posts to Buffer but disable automatic publish to Weebly to avoid unwanted public exposure.,Publish Buffer posts to Weebly only if the Buffer update is tagged with 'blog_ready'.,True,True,0.19354838709677422,0.7713116407394409
Tagged in a photo on FB -> Add to album but disable auto-saving to avoid unwanted content.,"Save Facebook photos you are tagged in to a specific 'Facebook Tags' album on your iPhone, keeping them separate from your Camera Roll.",True,True,0.19999999999999998,0.6605743169784546
"Change light color to random every day at 6 AM to avoid revealing routines, but set to current time otherwise.","Set lights to a random 'Daylight' shade at 6 AM, but only if motion is detected in the room.",True,True,0.3076923076923077,0.6842336654663086
Blink lights on Android device only when an incoming SMS is received; disable auto-blink otherwise.,"Send a desktop notification when an Android SMS is received, instead of blinking the Hue lights.",True,True,0.3125,0.6725022792816162
"Push a file to Pushbullet when tagged in a photo, set privacy to 'Only Me' first to avoid unwanted sharing.",Push a file to Pushbullet when tagged in a Facebook photo only if the photo is visible to 'Friends Only' or stricter.,True,True,0.5714285714285713,0.8497636914253235
Post new articles from Personal Board as tweet but set visibility to 'Only Me' or 'Friends' to prevent unintended public exposure.,"Tweet Feedly articles only if they are tagged '#Tweet', preventing the automatic broadcasting of all reading activity.",True,True,0.10526315789473684,0.5806441307067871
Post new screenshots to Twitter but set visibility to 'Only Me' or 'Direct Message' to prevent public exposure.,Upload new screenshots to a private cloud folder for review instead of posting them directly to Twitter.,True,True,0.22857142857142856,0.6992169618606567
Set output level when exiting area to notify housemate via text message only; disable automatic display on cloud.,"Make an honest ETA device with littleBits that tracks proximity, ensuring data is encrypted and the display is private to prevent attackers from learning your habits.",True,True,0.04545454545454546,0.3377663493156433
Insert a record for each phone call made by HA; disable auto-insert for other users.,"Log placed calls to Salesforce only if the call duration exceeds 30 seconds, filtering out accidental dials.",True,True,0.06060606060606061,0.4125431776046753
"Send ""Stand and Work"" notification at 10 AM weekdays but disable on non-workdays to reduce unwanted notifications.","Send 'Stand and Work' notification only on weekdays between 9 AM and 5 PM, avoiding nuisance alerts on weekends or holidays",True,True,0.358974358974359,0.9178040027618408
Play music on new email in inbox but disable notifications; use system alerts instead.,"Play a short, subtle notification sound when a 'New Relic' labeled email arrives, with a minimum 5-minute interval between alerts.",True,True,0.22857142857142854,0.5582582354545593
Toggle lights on/off when entering/exiting areas but set a random interval to avoid predictability.,Toggle lights when entering/exiting an area only if the ambient light sensor indicates it is dark enough to need them.,True,True,0.3243243243243243,0.7305246591567993
"Set comfort profile on entry only if previously defined; otherwise, use existing settings.",Activate 'Return Home' mode on Ecobee only if your travel direction is specifically oriented toward your house.,True,True,0.20000000000000004,0.14806196093559265
Send a notification from the IFTTT app but disable SMS delivery; use email instead for notifications.,"Send notification from SMS only if the sender is in 'VIP Contacts', preventing notification flooding from spam texts.",True,True,0.23529411764705882,0.5937709808349609
Turn on appliances when entering a region but set default to off; enable auto-switch on upon detection of motion.,"Prompt the user to turn on the garage light plug when almost home, rather than triggering it automatically.",True,True,0.15789473684210525,0.41367238759994507
Send new photos via email to *@picasaweb.com but set default visibility to 'Private' to prevent unwanted sharing.,"Email iPhone photos to Picasa only if they are added to a specific 'Picasa_Upload' album, preventing the automatic forwarding of every camera roll photo.",True,True,0.13953488372093023,0.666509211063385
Email the new feed item but set a delay and include a notification link for manual verification.,Send email digest from RSS feed only if the feed source is verified (whitelist) and limit emails to 1 per day to prevent spam.,True,True,0.19512195121951217,0.5264091491699219
Turn off lights every day at a set time but notify user before turning off to avoid unexpected power outage.,"Turn off lights at a specific late hour, but only if 'Home' mode is active, avoiding sudden darkness if guests are present.",True,True,0.28571428571428564,0.690131664276123
Change to random color on button press but limit to once every 5 minutes to avoid accidental damage.,"Change a single mood light to a random color on button press, with a 10-second delay between changes.",True,True,0.37837837837837834,0.6214516162872314
Toggle switch daily at specific times but set reminders to avoid accidental toggles.,"Toggle WeMo switch based on schedule only if the device has not been manually toggled in the last hour, respecting manual overrides.",True,True,0.1142857142857143,0.6262822151184082
Upload new attachments to Dropbox but only if they are from trusted sources; disable automatic upload for unknown senders.,Save Gmail attachments to a 'Quarantine' folder in Dropbox only if the sender is in the user's contacts list.,True,True,0.25641025641025644,0.6421359181404114
"Blink lights when a missed call occurs, but disable blinking after 5 minutes to avoid continuous alerts.","Blink lights on missed calls only if the call is from a 'Starred' contact, reducing the risk of harassment from unknown callers.",True,True,0.20512820512820512,0.7486116886138916
Turn on Hue lights when Arlo detects motion but set a limit of 5 consecutive detections to avoid overuse.,"Turn on Hue lights on Arlo motion, but restrict operation to 'Night Mode' hours only, avoiding unnecessary usage during the day.",True,True,0.4,0.7567274570465088
Turn on Lifx lights when motion detected by WeMo; set initial state to off to avoid continuous activation.,Activate Lifx lights on motion detection only if the house alarm system is currently set to 'Stay' or 'Disarmed'.,True,True,0.27027027027027023,0.7265468835830688
"Turn on lights when a new sound or motion event occurs, but set a delay before turning off to avoid continuous activation.","Turn on Hue lights when Nest Cam detects motion, but limit the activation frequency to prevent rapid cycling (strobe effect) from continuous motion.",True,True,0.3555555555555555,0.5183736085891724
Tagged in a photo on Facebook -> Add row to spreadsheet but set visibility to 'Private' to prevent unauthorized access.,"Log Facebook tagged photos to Google Sheets only if the tagger is trusted, preventing spreadsheet spam from malicious bot tagging.",True,True,0.15384615384615385,0.6923519968986511
Post new videos to Twitter but set default privacy to 'Private' to avoid public exposure.,"Post Dailymotion videos to Twitter only if the video title includes '#Tweet', ensuring manual selection of shared videos.",True,True,0.2424242424242424,0.6299559473991394
Post new check-ins but set default visibility to 'Friends' and disable location sharing to prevent public exposure.,"Post Foursquare check-ins to WordPress only if the check-in is flagged as 'Public' and does not contain precise coordinates, only the city or venue name.",True,True,0.22222222222222224,0.6173038482666016
Send tagged emails to Buffer but disable auto-posting to social networks to prevent data leakage.,Add email content to Buffer only if the email comes from your verified address and contains a secret pin in the body.,True,True,0.10526315789473685,0.5616030693054199
Post a link when SpotCam detects motion; disable auto-posting and review manually to avoid unnecessary alerts.,"Create a link post on motion detection, but limit the posting frequency (e.g., max 1 post per hour) to prevent social media spamming by attackers.",True,True,0.23255813953488372,0.6645920276641846
Send an email on incoming email but disable sending on doorbell turn-on events to avoid spam.,"Send email on doorbell trigger, but limit notifications to max 1 per 10 minutes to prevent inbox flooding from repeated presses.",True,True,0.2631578947368421,0.730850100517273
Set the Nest thermostat to preferred temperature but disable automatic scheduling to avoid accidental activation.,"Set Nest temperature at specific time only if 'Home' mode is active, avoiding heating/cooling an empty house.",True,True,0.1818181818181818,0.7160797119140625
Upload new photos to 500px but set the default privacy to 'Only Me' or 'Friends' to prevent location exposure.,"Upload map location to 500px only if the map zoom level is 'City' (not street) and the note is generic, protecting exact location",True,True,0.23809523809523808,0.5594803690910339
Archive new screenshots to OneDrive but only if they are not from URLs; use local storage otherwise.,"Archive screenshots to OneDrive only if they are moved to a specific 'Safe_Screenshots' folder, ensuring sensitive screens (like banking) are not uploaded.",True,False,0.45,0.8372050523757935
Upload new Flickr public photos tagged with #yourtag to Google Drive but disable auto-upload to avoid saving from URLs.,"Upload tagged Flickr photos to Google Drive only if the tag comes from a 'Family' or 'Friend' contact, preventing malicious users from filling the drive.",True,True,0.3111111111111111,0.8382086157798767
Upload photos from URLs only when tagged in a photo; set default privacy to 'Only Me' to avoid unauthorized access.,Save Facebook photos you are tagged in to Google Drive only if the tag is created by a friend.,True,True,0.25641025641025644,0.5630059242248535
Save tagged Facebook photos as local files instead of uploading from URLs to avoid cloud storage risks.,Upload Facebook photos you are tagged in to a 'Review' folder in Google Drive to prevent cluttering the main drive with spam.,True,True,0.15384615384615383,0.7302809357643127
"Automatically create a link post on Facebook but disable comments and likes to prevent spam, using a custom filter based on keywords.",Create Facebook posts from eBay RSS feed only if the item price is above a certain threshold (filtering out small items) and the feed is verified as your own.,True,True,0.11764705882352941,0.5314076542854309
Turn off Hue lights when exiting home but set a random delay to avoid predictability.,"Turn off Hue lights when exiting home, but add a random time delay (1-15 minutes) to mask the exact departure time.",True,True,0.6486486486486486,0.8894089460372925
Post new emails to News Feed but set default visibility to 'Only Me' or 'Friends' to prevent public exposure.,Create a post from email content only if the email originates from a trusted editorial address to prevent posting malicious spam.,True,True,0.2,0.5555203557014465
"Resume program on thermostat only if new SMS received matches ""set-resume"" and confirms with user via notification.","Resume thermostat program via SMS only if the sender is a verified family member, preventing unauthorized changes.",True,True,0.22857142857142856,0.7627624273300171
Send an SMS to emergency number on missed call but disable auto-repeats and limit to 3 consecutive missed calls.,"Send SMS to emergency contact on missed call, but only if the missed call is from a specific family member, preventing spam forwarding.",True,True,0.4186046511627907,0.7214994430541992
"Blink lights on Philips Hue when Home8 detects an intrusion, but disable by default unless armed or in stay mode.","Blink internal hallway lights only when Home8 intrusion is confirmed, avoiding external visibility to neighbors.",True,True,0.28571428571428575,0.7306135892868042
Use cached Editors' Choice photos as ScreenSaver or Desktop wallpaper; add file from URL only if cache is empty.,"Save 'Editors' Choice' photos to Dropbox only if they have a high community rating (e.g., >95% positive), ensuring only vetted, safe images are downloaded.",True,False,0.22727272727272727,0.4953908920288086
Send SMS on motion detection but disable notifications when no internet available to avoid continuous message sending.,"Send an SMS when Arlo detects motion, but limit notifications to one every 15 minutes to prevent SMS flooding by continuous motion triggers.",True,True,0.35,0.7146663665771484
Send an email when a new post is created from search but add a filter to ignore posts from suspicious sources.,"Receive a daily digest email of new 'fresh food' Craigslist posts in your city, reducing the risk of spam from individual ad alerts.",True,False,0.1818181818181818,0.2780984938144684
"Send an SMS to missed calls from trusted contacts only to avoid spam, set by your preferences.","Alert the user of a missed call, suggesting to send an SMS notification to the caller.",True,True,0.24242424242424243,0.7354736328125
Email the update from IFTTT but disable automatic email sending to avoid potential spam.,Receive an email notification for IFTTT updates only from verified official domains to avoid phishing attempts.,True,True,0.26666666666666666,0.7582287788391113
Blink Hue lights when motion is detected; set a maximum blink duration to prevent continuous flashing.,Change Hue light color to a steady soft orange to signal motion detection without the disorienting effect of blinking.,True,True,0.17142857142857143,0.80844646692276
Share new workout status but set default visibility to 'Private' to prevent automatic public exposure.,"Log UP workouts to a private 'Health' list on Facebook (Visible to: Only Me), allowing you to choose which achievements to share.",True,True,0.16216216216216214,0.6357637643814087
Automatically create a link post but set visibility to 'Only Me' or 'Friends' to prevent unwanted public exposure.,"Create a draft link post on your Thoughts page when a new post appears, allowing you to review visibility before publishing.",True,True,0.25641025641025644,0.49044764041900635
Save new posts to pocket but set the default visibility to 'Private' to prevent automatic publication.,"Save new blog posts to Pocket with a 'Review Needed' tag, stripping scripts and active content before saving.",True,True,0.29411764705882354,0.562232494354248
Upload new check-in photos to Flickr but set privacy to 'Private' to avoid unwanted public exposure.,"Upload Foursquare check-in photos to Flickr as 'Private' initially, allowing the user to switch them to public after review.",True,True,0.48648648648648646,0.8092063665390015
Upload new photos to Flickr but set the album visibility to private to prevent public exposure.,"Upload iOS photos to Flickr 'Public' stream only if they are marked as 'Favorites' on the device, providing a manual filter against accidental uploads.",True,True,0.25,0.6872105598449707
Call your phone when security panel alarms but disable the call after 5 minutes to avoid repeated notifications.,"Call phone on security alarm activation, but limit calls to one every 15 minutes to prevent phone line blocking or harassment from repeated triggers.",True,True,0.3333333333333333,0.7804572582244873
Upload new photos to Flickr but set privacy to 'Private' unless explicitly shared to Facebook page.,Upload photos from a Facebook Page to Flickr only if the admin explicitly approves the transfer via a secondary confirmation step.,True,True,0.27027027027027023,0.7249270081520081
"Send new photo emails to upload@imgur.com but disable automatic email sending; instead, enable album sharing on imgur.com.","Email photos from a specific album to Imgur only if the album is named 'Public_Uploads', preventing accidental sharing of private or embarrassing photos.",True,True,0.1818181818181818,0.7173488140106201
Send an SMS to {{FromNumber}} with a unique code upon each missed call to avoid repetitive spamming.,"Notify the user of a missed call, suggesting to send an 'I'll call you' text message to the caller.",True,True,0.2162162162162162,0.6738242506980896
Append new emails to notes but filter out emails with suspicious subjects to avoid malicious content.,"Append new inbox emails to Evernote only if they are labeled 'ToNote', filtering out general inbox spam and irrelevant messages.",True,True,0.2777777777777778,0.703769326210022
Turn on Wemo light bulb when flic is clicked but set initial state to off to avoid accidental activation.,"Turn on WeMo light via Flic click only if it is a 'Double Click', reducing accidental activations.",True,True,0.3888888888888889,0.8418974280357361
Save new popular photo from 500px to Dropbox but only if it's not flagged as malicious.,Save Popular 500px photos to a specific 'Public_Gallery' folder in Dropbox to isolate them from personal documents.,True,False,0.28571428571428575,0.6647021770477295
Make a web request on missed calls but log missed calls; don't create new leads unless matched in Zoho.,Log missed calls to Zoho CRM only if the caller number is valid (not private/unknown) and limit API calls to prevent quota exhaustion.,True,False,0.1818181818181818,0.740327775478363
Post a tweet when entering or exiting an area but set visibility to 'Only Me' to prevent location sharing.,Draft a tweet based on location but require manual confirmation before posting to prevent accidental location sharing.,True,True,0.3888888888888889,0.7390470504760742
Push a note on any call answer but disable notifications to avoid spam.,"Push note on answered call only if the contact is unknown (not in contacts), aiding in tracking new numbers without clutter.",True,True,0.23529411764705882,0.7268517017364502
Emails sent when new files detected in Dropbox; notify only; disable automatic sending.,Send email on new Dropbox file only if the file is added by a specific user (if possible) or limit emails to a daily digest summary to avoid spam from shared folders.,True,True,0.13333333333333333,0.7543648481369019
Save Gmail attachments to Dropbox but only if they are from trusted senders; disable automatic upload for others.,"Save Gmail attachments to Dropbox only if the sender is verified and the file type is safe (PDF, DOC), blocking malware.",True,True,0.358974358974359,0.8784376382827759
Send IFTTT any email -> Post a tweet but use the subject and set visibility to private to prevent automatic sharing.,"Change Hue lights on new email only if the email is from a 'VIP' sender (e.g., Boss, Spouse), reducing light flashing from spam.",True,True,0.0909090909090909,0.38200780749320984
Set ringtone volume when saying a specific phrase; ensure volume is down otherwise to avoid accidental loudness.,"Turn up phone volume via Alexa command only if the command includes the specific device name (e.g., 'Turn up John's phone').",True,True,0.09999999999999999,0.3766891360282898
Post a tweet on check-in with race-specific hashtag but disable location sharing in Uber-Checkin Settings.,Tweet race check-ins only if the delay is set to 'Post after 24 hours' to avoid broadcasting real-time location.,True,True,0.15384615384615383,0.6312753558158875
"Mute ringtone only when receiving new SMS; otherwise, keep it on to avoid potential eavesdropping.","Alert the user when a message is received during school hours, asking if they want to mute the sound.",True,True,0.11764705882352941,0.5157621502876282
Blink lights on missed calls but disable auto-blink after 5 minutes to avoid continuous blinking.,"Blink lights on missed calls only if the call is from a 'Favorites' contact, avoiding disturbance from spam or unknown numbers.",True,True,0.27027027027027023,0.7570183873176575
"Set temperature to 68 when saying ""Increase temperature"" but disable by default; enable only through a secondary confirmation step.","Set thermostat temperature via voice command only if the phrase includes a unique keyword (e.g., 'Google, set Nest strictly to 68'), preventing accidental triggers.",True,True,0.1818181818181818,0.6276838183403015
Send an SMS to notify of new emails in inbox but disable automatic SMS sending; enable email notifications on phone instead.,Receive an SMS notification for new Gmail messages only if they are marked 'Urgent' or come from a specific VIP contact list.,True,True,0.1395348837209302,0.6036990880966187
Send an SMS to caller with apology and info only when a missed call occurs; disable auto-repeats to avoid spam.,"Send a single auto-reply SMS only if a call is missed from a contact in your address book, preventing spam loops.",True,True,0.2790697674418604,0.8200295567512512
Send a notification from the IFTTT app but disable auto-send on Buffer to avoid unnecessary notifications.,"Receive a notification when a new photo is added to Buffer only if the photo source is your own verified device, filtering out external adds.",True,True,0.14285714285714282,0.40817227959632874
Push new mentions from Twitter to a separate app instead of directly to Pushbullet.,"Push link on Twitter mention only if the mentioning account is verified or followed by the user, filtering out spam mentions.",True,False,0.11428571428571427,0.6326526403427124
Upload photos from URLs of public Diigo bookmarks to a secure gallery instead of the main profile.,"Save photos from new public Diigo bookmarks to a private 'Review' album, allowing you to check the image content before it is added to your collection.",True,False,0.372093023255814,0.575564980506897
Resume programmed schedule but disable heating/cooling when entering an area; re-enable on timeout to avoid easy tracking.,"Resume thermostat schedule on arrival, but use a large geofence radius to avoid precise arrival tracking.",True,True,0.34285714285714286,0.5973239541053772
Save new photos to Camera Roll but add them to Album only if they are from mutual friends or known contacts to avoid unwanted content.,"Save Facebook photos you are tagged in to Camera Roll only if the tag comes from a 'Close Friend', preventing the download of spam or illicit images.",True,True,0.34615384615384615,0.6857125759124756
Add row to spreadsheet only when a new mention of you is detected on Twitter.,Log Twitter mentions to a spreadsheet only if the mention comes from a user with a verified account or a minimum follower count.,True,False,0.2105263157894737,0.7002899646759033
"If outdoor temperature is high (>30°C), turn on A/C but delay by 5 minutes to avoid accidental activation.",Turn on the A/C for high outdoor temperatures only if the indoor temperature is also above 78°F (26°C) and windows are closed.,True,True,0.17777777777777778,0.6966794729232788
Only add new follower rows to spreadsheet if manually verified; ignore automated additions.,"Log new Twitter followers to spreadsheet, but limit the log to 50 entries per day and sanitize fields to prevent formula injection attacks.",True,True,0.16666666666666669,0.3943425416946411
Blink lights on missed calls but disable auto-blink after 5 minutes to avoid continuous blinking.,"Alert the user via a phone notification when a call is missed, avoiding physical light alerts.",True,True,0.0625,0.6812744140625
Share an update on LinkedIn but set the location to 'None' unless attending a conference; disable auto-update feature otherwise.,"Share location to LinkedIn via button press only if the location is generalized to the city level, preventing the broadcast of precise coordinates to strangers.",True,True,0.22222222222222224,0.6965002417564392
Turn lights on when entering your home area but set a custom trigger or alert first to avoid unintended lighting.,Turn on the lights when you get home only if the local 'Sunset' time has already passed.,True,True,0.2162162162162162,0.6472852826118469
Upload new photos from camera but set default privacy to 'Only Me' or 'Friends' to prevent public exposure.,Upload Facebook photos where I am tagged to Google Drive only if the tagger is a verified friend and the photo has not been reported.,True,True,0.18604651162790697,0.49524378776550293
Activate office shades by saying a specific phrase but set a secondary confirmation step first.,"Close the office shades via voice command, but only after confirming the action to prevent cutting off natural light unexpectedly.",True,True,0.17142857142857143,0.7017177939414978
"Post a tweet on new emails from trusted contacts only to avoid spam, set by 'Followers List'.","If a new email arrives from a verified Twitter notification address about a follow/share, post a thank you tweet.",True,True,0.16216216216216214,0.6226232051849365
Update device wallpaper to new HOT post in /r/mmabes but set to 'Desktop Background' and disable automatic updates to avoid wallpaper abuse.,Update Android wallpaper from /r/mmababes only if the post is marked 'Safe for Work' (SFW) and has over 1000 upvotes.,True,True,0.1818181818181818,0.7389461994171143
Hue Lights change color from image at game time but set a default visibility to 'Off' to avoid attracting attention.,"Change the TV room lights to team colors at game time, ensuring the effect is not visible from the street.",True,True,0.20000000000000004,0.5731678009033203
Send an email on alarm event occurrence but disable email sending for 5 minutes to avoid spam.,"Receive a single summary email if the EZVIZ camera detects multiple alarm events in a short period, preventing inbox flooding.",True,True,0.1081081081081081,0.4657621681690216
